ID,Name,Role,Position,Experience,Skills,Availability,Current_Tasks
1,Emma Miller,Software Engineer,Frontend Developer,Senior,"Java, React, Data Science",Free,
2,James Martinez,Cybersecurity Analyst,Security Engineer,Senior,"JavaScript, React",Free,
3,David Rodriguez,Data Scientist,AI Researcher,Expert,"Python, JavaScript, Java, Cybersecurity",Free,
4,Emily Johnson,Frontend Developer,React Developer,Senior,"Data Science, Python, SQL",Free,
5,James Smith,DevOps Engineer,Site Reliability Engineer,Senior,"Data Science, DevOps",Free,
6,David Garcia,DevOps Engineer,Site Reliability Engineer,Junior,"Data Science, SQL, Java",Free,
7,Olivia Martinez,Cybersecurity Analyst,Ethical Hacker,Senior,"JavaScript, DevOps, Python",Free,
8,James Davis,Backend Developer,Spring Boot Developer,Junior,"Cybersecurity, C++, Data Science",Free,
9,Robert Williams,Cybersecurity Analyst,Security Engineer,Senior,"Java, Data Science",Free,
10,Robert Johnson,DevOps Engineer,CI/CD Specialist,Senior,"Java, Data Science, SQL",Free,
11,James Rodriguez,Frontend Developer,Vue.js Developer,Expert,"Cybersecurity, Python, Java, JavaScript",Free,
12,Michael Martinez,Software Engineer,Backend Developer,Senior,"Data Science, C++, Cybersecurity, Java",Free,
13,Olivia Williams,Data Scientist,AI Researcher,Mid-Level,"SQL, C++, Java, Cybersecurity",Free,
14,John Doe,Cybersecurity Analyst,Security Engineer,Junior,"DevOps, Cybersecurity",Free,
15,Alice Doe,Software Engineer,Backend Developer,Senior,"React, Data Science, C++, JavaScript",Free,
16,Sophia Davis,Data Scientist,Machine Learning Engineer,Expert,"Machine Learning, JavaScript, React, C++",Free,
17,Emma Brown,Backend Developer,Spring Boot Developer,Expert,"Python, Machine Learning",Free,
18,John Doe,Cybersecurity Analyst,Security Engineer,Mid-Level,"Data Science, Python",Free,
19,David Brown,Frontend Developer,Vue.js Developer,Junior,"Machine Learning, SQL",Free,
20,David Davis,Frontend Developer,React Developer,Mid-Level,"Cybersecurity, Data Science",Free,
21,David Smith,Backend Developer,Node.js Developer,Mid-Level,"SQL, Python, Java, C++",Free,
22,James Smith,Frontend Developer,React Developer,Mid-Level,"DevOps, React",Free,
23,Emma Rodriguez,DevOps Engineer,Cloud Engineer,Expert,"C++, React, SQL",Free,
24,Michael Davis,Cybersecurity Analyst,Ethical Hacker,Mid-Level,"SQL, Java, Data Science",Free,
25,Sophia Garcia,Frontend Developer,UI/UX Developer,Expert,"JavaScript, SQL, Python",Free,
26,Olivia Davis,Frontend Developer,Vue.js Developer,Mid-Level,"Cybersecurity, React, Machine Learning, Data Science",Free,
27,Emma Rodriguez,Cybersecurity Analyst,SOC Analyst,Mid-Level,"Cybersecurity, DevOps, SQL, JavaScript",Free,
28,Sophia Rodriguez,DevOps Engineer,Site Reliability Engineer,Expert,"Java, SQL, DevOps",Free,
29,Michael Garcia,Cybersecurity Analyst,Security Engineer,Mid-Level,"Cybersecurity, React, Machine Learning, Java",Free,
30,James Martinez,Data Scientist,Machine Learning Engineer,Expert,"JavaScript, C++",Free,
31,Sophia Williams,Cybersecurity Analyst,SOC Analyst,Junior,"React, Java, Data Science, JavaScript",Free,
32,Alice Doe,Frontend Developer,UI/UX Developer,Expert,"DevOps, Data Science",Partially Assigned,API Development for Backend Services
33,Michael Davis,Software Engineer,Full Stack Developer,Mid-Level,"Machine Learning, C++, JavaScript",Free,
34,John Martinez,Software Engineer,Backend Developer,Junior,"C++, Machine Learning, Java, React",Free,
35,James Miller,Software Engineer,Backend Developer,Junior,"Machine Learning, Data Science, Cybersecurity, C++",Free,
36,John Davis,Backend Developer,Node.js Developer,Mid-Level,"SQL, Java",Free,
37,John Martinez,Cybersecurity Analyst,SOC Analyst,Mid-Level,"Data Science, Python",Free,
38,Emma Davis,Data Scientist,Data Analyst,Junior,"SQL, Cybersecurity, Java",Free,
39,John Davis,DevOps Engineer,Site Reliability Engineer,Mid-Level,"Machine Learning, Cybersecurity",Free,
40,Emma Garcia,DevOps Engineer,Cloud Engineer,Senior,"Java, Python",Free,
41,Olivia Miller,Software Engineer,Frontend Developer,Junior,"Cybersecurity, C++, SQL, JavaScript",Free,
42,John Garcia,DevOps Engineer,Cloud Engineer,Junior,"JavaScript, Cybersecurity, Machine Learning, DevOps",Free,
43,James Rodriguez,Software Engineer,Full Stack Developer,Mid-Level,"SQL, JavaScript, Machine Learning, React",Free,
44,Michael Smith,Frontend Developer,React Developer,Expert,"Java, JavaScript",Free,
45,Sophia Smith,Data Scientist,Machine Learning Engineer,Expert,"SQL, Cybersecurity, DevOps",Free,
46,James Williams,Frontend Developer,Vue.js Developer,Junior,"Machine Learning, Cybersecurity, Data Science",Free,
47,Michael Rodriguez,Software Engineer,Full Stack Developer,Mid-Level,"React, Java",Free,
48,Olivia Martinez,Cybersecurity Analyst,SOC Analyst,Junior,"C++, Machine Learning, SQL",Free,
49,Robert Williams,Backend Developer,Django Developer,Mid-Level,"Python, C++",Free,
50,James Rodriguez,DevOps Engineer,Site Reliability Engineer,Expert,"Data Science, JavaScript",Free,
51,Emily Johnson,Data Scientist,Data Analyst,Mid-Level,"Cybersecurity, Python",Free,
52,Sophia Miller,Frontend Developer,React Developer,Senior,"Machine Learning, C++, SQL",Free,
53,Robert Martinez,DevOps Engineer,Site Reliability Engineer,Mid-Level,"Data Science, SQL",Free,
54,James Brown,Data Scientist,Machine Learning Engineer,Mid-Level,"SQL, Python",Free,
55,Robert Garcia,Data Scientist,Data Analyst,Senior,"SQL, DevOps, JavaScript, Cybersecurity",Free,
56,Robert Rodriguez,Backend Developer,Node.js Developer,Expert,"SQL, DevOps",Free,
57,Michael Davis,DevOps Engineer,Cloud Engineer,Expert,"Java, Machine Learning",Free,
58,Olivia Johnson,Backend Developer,Node.js Developer,Mid-Level,"JavaScript, DevOps, Machine Learning",Free,
59,John Johnson,Cybersecurity Analyst,SOC Analyst,Junior,"React, Cybersecurity, Python, DevOps",Free,
60,Emma Martinez,Backend Developer,Node.js Developer,Expert,"Java, C++",Free,
61,Robert Martinez,Data Scientist,AI Researcher,Expert,"JavaScript, C++",Free,
62,Alice Davis,Frontend Developer,React Developer,Mid-Level,"Python, Data Science, Machine Learning",Free,
63,Robert Davis,Frontend Developer,React Developer,Mid-Level,"JavaScript, DevOps",Free,
64,Sophia Smith,Cybersecurity Analyst,Security Engineer,Expert,"Data Science, DevOps, Python, Java",Free,
65,Olivia Garcia,Frontend Developer,Vue.js Developer,Junior,"SQL, Data Science, Cybersecurity",Free,
66,Michael Williams,DevOps Engineer,Site Reliability Engineer,Senior,"Python, JavaScript",Free,
67,James Rodriguez,Frontend Developer,UI/UX Developer,Mid-Level,"JavaScript, DevOps",Free,
68,Sophia Miller,DevOps Engineer,CI/CD Specialist,Senior,"Cybersecurity, Java, C++, Python",Free,
69,Olivia Martinez,Cybersecurity Analyst,Ethical Hacker,Mid-Level,"Python, C++, Java, DevOps",Free,
70,James Johnson,DevOps Engineer,Cloud Engineer,Mid-Level,"React, C++, Cybersecurity",Free,
71,Emma Williams,Software Engineer,Full Stack Developer,Expert,"DevOps, Data Science, C++, Python",Free,
72,Alice Williams,DevOps Engineer,Cloud Engineer,Expert,"Data Science, C++, Java",Free,
73,Emma Davis,DevOps Engineer,CI/CD Specialist,Mid-Level,"React, Cybersecurity, JavaScript",Free,
74,John Martinez,Software Engineer,Frontend Developer,Expert,"Python, DevOps, JavaScript, Machine Learning",Free,
75,Sophia Brown,DevOps Engineer,Cloud Engineer,Senior,"SQL, Python",Free,
76,James Williams,Frontend Developer,Vue.js Developer,Junior,"Data Science, DevOps",Free,
77,John Rodriguez,Cybersecurity Analyst,SOC Analyst,Senior,"Python, C++",Free,
78,John Williams,Backend Developer,Django Developer,Mid-Level,"Python, Cybersecurity",Free,
79,Michael Doe,Software Engineer,Backend Developer,Mid-Level,"Machine Learning, Data Science, DevOps, Python",Free,
80,Sophia Davis,Cybersecurity Analyst,Ethical Hacker,Senior,"DevOps, Data Science",Free,
81,Alice Garcia,Backend Developer,Spring Boot Developer,Junior,"SQL, Python",Free,
82,James Doe,Backend Developer,Django Developer,Mid-Level,"Machine Learning, Java, Data Science, Python",Free,
83,Robert Williams,DevOps Engineer,Cloud Engineer,Expert,"Cybersecurity, DevOps, SQL, JavaScript",Free,
84,Michael Miller,DevOps Engineer,Site Reliability Engineer,Mid-Level,"Java, Machine Learning, Python",Free,
85,John Davis,DevOps Engineer,CI/CD Specialist,Senior,"React, Java, Python",Free,
86,Emma Garcia,Data Scientist,Data Analyst,Mid-Level,"Python, C++",Free,
87,Emma Martinez,Frontend Developer,Vue.js Developer,Senior,"Cybersecurity, Machine Learning, Data Science",Free,
88,David Rodriguez,Data Scientist,Machine Learning Engineer,Senior,"C++, JavaScript",Free,
89,Emily Brown,Backend Developer,Spring Boot Developer,Senior,"C++, JavaScript, SQL",Free,
90,James Miller,Backend Developer,Spring Boot Developer,Junior,"Cybersecurity, DevOps, Java",Free,
91,Michael Johnson,Frontend Developer,UI/UX Developer,Senior,"Cybersecurity, Data Science, SQL, Java",Free,
92,Olivia Davis,Frontend Developer,React Developer,Expert,"C++, Machine Learning, Java, DevOps",Free,
93,Sophia Johnson,Frontend Developer,React Developer,Senior,"Data Science, DevOps, React, C++",Free,
94,David Davis,Software Engineer,Frontend Developer,Mid-Level,"React, SQL, Python, Cybersecurity",Free,
95,Alice Smith,Cybersecurity Analyst,SOC Analyst,Junior,"Java, C++, Python, DevOps",Free,
96,Robert Johnson,Cybersecurity Analyst,Ethical Hacker,Senior,"Data Science, C++, React",Free,
97,John Brown,Backend Developer,Django Developer,Junior,"Machine Learning, SQL, C++",Free,
98,David Johnson,Backend Developer,Node.js Developer,Senior,"JavaScript, Cybersecurity, C++",Free,
99,Sophia Williams,Data Scientist,AI Researcher,Senior,"JavaScript, DevOps",Free,
100,Michael Rodriguez,Frontend Developer,React Developer,Junior,"DevOps, Machine Learning, Cybersecurity, React",Free,
101,James Williams,Cybersecurity Analyst,Security Engineer,Mid-Level,"Cybersecurity, React, Python, JavaScript",Free,
102,Alice Davis,Data Scientist,Machine Learning Engineer,Expert,"Data Science, Machine Learning, DevOps, Cybersecurity",Free,
103,Emily Brown,Cybersecurity Analyst,Security Engineer,Mid-Level,"Cybersecurity, Java, Data Science, C++",Free,
104,Robert Brown,Data Scientist,AI Researcher,Mid-Level,"C++, JavaScript",Free,
105,David Garcia,Software Engineer,Frontend Developer,Mid-Level,"DevOps, React, JavaScript",Free,
106,David Brown,Frontend Developer,UI/UX Developer,Senior,"C++, SQL, Java",Free,
107,Olivia Miller,Data Scientist,Data Analyst,Expert,"Python, SQL",Free,
108,Sophia Brown,Data Scientist,Machine Learning Engineer,Senior,"Python, JavaScript, Cybersecurity, C++",Free,
109,Emma Williams,Cybersecurity Analyst,Security Engineer,Junior,"Python, C++",Free,
110,Robert Smith,Backend Developer,Spring Boot Developer,Expert,"Java, Python, Machine Learning, React",Free,
111,Michael Johnson,Software Engineer,Frontend Developer,Junior,"Cybersecurity, DevOps",Free,
112,Michael Martinez,Frontend Developer,React Developer,Mid-Level,"SQL, JavaScript, Machine Learning",Free,
113,Robert Garcia,Frontend Developer,React Developer,Mid-Level,"Python, Java",Free,
114,Michael Brown,DevOps Engineer,Site Reliability Engineer,Mid-Level,"DevOps, Java, SQL",Free,
115,Sophia Doe,Frontend Developer,React Developer,Mid-Level,"C++, Java, Cybersecurity",Free,
116,Sophia Rodriguez,Backend Developer,Django Developer,Junior,"Cybersecurity, SQL, React, JavaScript",Free,
117,John Martinez,Data Scientist,Machine Learning Engineer,Expert,"JavaScript, Python, Java, DevOps",Free,
118,Sophia Williams,Software Engineer,Full Stack Developer,Junior,"C++, DevOps, Data Science",Free,
119,Robert Johnson,Data Scientist,Data Analyst,Mid-Level,"Python, DevOps",Free,
120,Michael Brown,Cybersecurity Analyst,Ethical Hacker,Junior,"React, JavaScript, Java, Data Science",Free,
121,James Johnson,Cybersecurity Analyst,Ethical Hacker,Expert,"C++, JavaScript, Java",Free,
122,Emma Doe,Frontend Developer,React Developer,Junior,"React, Machine Learning",Free,
123,Emma Davis,Software Engineer,Full Stack Developer,Expert,"React, SQL, JavaScript",Free,
124,Emily Williams,DevOps Engineer,CI/CD Specialist,Junior,"Machine Learning, Java, JavaScript, React",Free,
125,Robert Martinez,Frontend Developer,UI/UX Developer,Junior,"Cybersecurity, Machine Learning, React, Data Science",Free,
126,Michael Rodriguez,Backend Developer,Node.js Developer,Mid-Level,"SQL, Data Science",Free,
127,John Davis,DevOps Engineer,Cloud Engineer,Junior,"React, Cybersecurity, DevOps",Free,
128,John Miller,Cybersecurity Analyst,Ethical Hacker,Junior,"SQL, Machine Learning, JavaScript, Java",Free,
129,James Garcia,DevOps Engineer,CI/CD Specialist,Junior,"SQL, DevOps, Data Science",Free,
130,Robert Brown,Software Engineer,Backend Developer,Mid-Level,"SQL, Machine Learning, Java, React",Free,
131,Olivia Martinez,DevOps Engineer,Cloud Engineer,Senior,"Python, React",Free,
132,Michael Brown,Backend Developer,Node.js Developer,Senior,"React, Java, JavaScript, Python",Free,
133,Emily Smith,Backend Developer,Node.js Developer,Expert,"JavaScript, React",Free,
134,Emily Miller,Backend Developer,Node.js Developer,Junior,"SQL, C++",Free,
135,David Brown,Data Scientist,Machine Learning Engineer,Junior,"SQL, JavaScript",Free,
136,Emma Rodriguez,Cybersecurity Analyst,Security Engineer,Junior,"React, Java",Free,
137,Emily Miller,Software Engineer,Full Stack Developer,Junior,"Python, Machine Learning, DevOps, React",Free,
138,Emma Johnson,Frontend Developer,UI/UX Developer,Senior,"SQL, Cybersecurity, Machine Learning",Free,
139,Michael Smith,Software Engineer,Full Stack Developer,Mid-Level,"Data Science, Java",Free,
140,Sophia Miller,Cybersecurity Analyst,Security Engineer,Senior,"Machine Learning, Java",Free,
141,Sophia Davis,Software Engineer,Full Stack Developer,Junior,"DevOps, SQL, Java",Free,
142,Emily Doe,Frontend Developer,UI/UX Developer,Junior,"Java, Machine Learning",Free,
143,Michael Garcia,Cybersecurity Analyst,SOC Analyst,Expert,"SQL, React",Free,
144,Alice Brown,Data Scientist,Machine Learning Engineer,Junior,"Cybersecurity, Python",Free,
145,David Garcia,DevOps Engineer,Cloud Engineer,Mid-Level,"Java, Python, React",Free,
146,John Doe,Cybersecurity Analyst,Security Engineer,Expert,"Data Science, React, Machine Learning, Java",Free,
147,Robert Martinez,Frontend Developer,React Developer,Junior,"DevOps, C++",Free,
148,Emma Smith,Backend Developer,Spring Boot Developer,Senior,"C++, Cybersecurity, React, DevOps",Free,
149,Emma Miller,DevOps Engineer,Site Reliability Engineer,Senior,"C++, Java",Free,
150,Sophia Davis,Frontend Developer,React Developer,Mid-Level,"Data Science, DevOps",Free,
151,Olivia Williams,Backend Developer,Django Developer,Expert,"Data Science, DevOps",Free,
152,Emma Brown,DevOps Engineer,CI/CD Specialist,Senior,"React, DevOps",Free,
153,Emily Rodriguez,Software Engineer,Frontend Developer,Junior,"Data Science, React, Java, C++",Free,
154,Emma Johnson,Frontend Developer,React Developer,Senior,"Python, DevOps, C++",Free,
155,James Brown,Backend Developer,Django Developer,Expert,"Cybersecurity, JavaScript",Free,
156,Sophia Garcia,DevOps Engineer,Site Reliability Engineer,Mid-Level,"Java, Data Science, C++, Python",Free,
157,David Garcia,Software Engineer,Frontend Developer,Senior,"Cybersecurity, React, SQL, C++",Free,
158,Emily Doe,Cybersecurity Analyst,SOC Analyst,Mid-Level,"Cybersecurity, Python",Free,
159,Emily Johnson,DevOps Engineer,CI/CD Specialist,Expert,"JavaScript, React, DevOps",Free,
160,Olivia Davis,DevOps Engineer,Cloud Engineer,Senior,"React, C++, Python, DevOps",Free,
161,Sophia Doe,Data Scientist,Data Analyst,Senior,"Python, SQL, DevOps",Free,
162,Robert Williams,DevOps Engineer,Site Reliability Engineer,Senior,"Java, Machine Learning",Free,
163,Alice Williams,Frontend Developer,React Developer,Expert,"Cybersecurity, SQL",Free,
164,Alice Johnson,Data Scientist,AI Researcher,Expert,"Java, DevOps, Cybersecurity, JavaScript",Free,
165,Robert Miller,Backend Developer,Django Developer,Expert,"SQL, Java",Free,
166,Robert Garcia,Data Scientist,Data Analyst,Junior,"DevOps, Data Science",Free,
167,Alice Doe,Software Engineer,Backend Developer,Expert,"Cybersecurity, C++",Free,
168,Olivia Johnson,Software Engineer,Frontend Developer,Mid-Level,"C++, Data Science, Cybersecurity",Free,
169,David Martinez,Frontend Developer,Vue.js Developer,Senior,"C++, Java, Data Science, SQL",Free,
170,John Martinez,DevOps Engineer,Cloud Engineer,Mid-Level,"Machine Learning, JavaScript",Free,
171,Sophia Williams,Software Engineer,Full Stack Developer,Mid-Level,"Cybersecurity, Data Science, DevOps, C++",Free,
172,James Smith,Data Scientist,Data Analyst,Junior,"Python, Java, C++",Free,
173,Alice Miller,Backend Developer,Django Developer,Junior,"Machine Learning, Python",Free,
174,David Williams,Frontend Developer,React Developer,Senior,"React, DevOps, Data Science",Free,
175,James Davis,Cybersecurity Analyst,Security Engineer,Mid-Level,"C++, Java, Machine Learning, JavaScript",Free,
176,Emma Johnson,Software Engineer,Full Stack Developer,Expert,"Cybersecurity, React, JavaScript",Free,
177,Emma Miller,Frontend Developer,UI/UX Developer,Mid-Level,"Data Science, React, Python, DevOps",Free,
178,Emma Garcia,Backend Developer,Node.js Developer,Senior,"React, C++",Free,
179,Emma Martinez,Software Engineer,Backend Developer,Senior,"Data Science, Python, DevOps, Machine Learning",Free,
180,David Rodriguez,Data Scientist,Machine Learning Engineer,Expert,"C++, React, Machine Learning",Free,
181,Emily Williams,Data Scientist,Data Analyst,Mid-Level,"DevOps, Python, Java, Machine Learning",Free,
182,David Martinez,Data Scientist,AI Researcher,Senior,"Java, Python",Free,
183,Sophia Davis,Data Scientist,Machine Learning Engineer,Junior,"React, Python",Free,
184,Emma Brown,DevOps Engineer,Site Reliability Engineer,Senior,"React, Java, JavaScript, C++",Free,
185,David Smith,Data Scientist,Data Analyst,Mid-Level,"DevOps, Machine Learning, Cybersecurity",Free,
186,Emma Johnson,Frontend Developer,React Developer,Senior,"React, Java, Machine Learning",Free,
187,David Brown,Backend Developer,Spring Boot Developer,Mid-Level,"SQL, Data Science, C++, JavaScript",Free,
188,Emily Davis,Cybersecurity Analyst,Ethical Hacker,Junior,"DevOps, React, Machine Learning",Free,
189,James Rodriguez,DevOps Engineer,Cloud Engineer,Mid-Level,"Data Science, Machine Learning",Free,
190,David Miller,Frontend Developer,UI/UX Developer,Junior,"DevOps, Data Science, Python, C++",Free,
191,James Rodriguez,Software Engineer,Full Stack Developer,Mid-Level,"DevOps, Cybersecurity",Free,
192,Sophia Williams,Frontend Developer,Vue.js Developer,Junior,"Python, DevOps, SQL",Free,
193,Emily Rodriguez,Software Engineer,Backend Developer,Expert,"C++, React, JavaScript",Free,
194,David Rodriguez,Frontend Developer,React Developer,Mid-Level,"JavaScript, SQL, Python, C++",Free,
195,Sophia Brown,Backend Developer,Node.js Developer,Mid-Level,"Data Science, Cybersecurity",Free,
196,Olivia Doe,Data Scientist,Machine Learning Engineer,Mid-Level,"DevOps, Java",Free,
197,Emma Garcia,Frontend Developer,Vue.js Developer,Expert,"Java, DevOps, C++",Free,
198,Emma Martinez,DevOps Engineer,Site Reliability Engineer,Junior,"Java, SQL, Machine Learning, Cybersecurity",Free,
199,John Brown,Data Scientist,Data Analyst,Senior,"JavaScript, Java, SQL",Free,
200,Olivia Rodriguez,Backend Developer,Node.js Developer,Mid-Level,"React, Java, Machine Learning",Free,
201,John Brown,Data Scientist,AI Researcher,Mid-Level,"Java, React",Free,
202,Emily Martinez,Backend Developer,Spring Boot Developer,Mid-Level,"Python, React",Free,
203,John Brown,Data Scientist,Machine Learning Engineer,Senior,"Python, DevOps",Free,
204,Sophia Doe,DevOps Engineer,CI/CD Specialist,Mid-Level,"Machine Learning, Cybersecurity, React, SQL",Free,
205,Michael Garcia,DevOps Engineer,Cloud Engineer,Expert,"DevOps, Machine Learning",Free,
206,James Garcia,Software Engineer,Frontend Developer,Junior,"React, Machine Learning, DevOps, Data Science",Free,
207,Emma Garcia,Cybersecurity Analyst,Ethical Hacker,Senior,"C++, Java",Free,
208,Robert Garcia,DevOps Engineer,CI/CD Specialist,Senior,"DevOps, Data Science, SQL",Free,
209,James Doe,Software Engineer,Frontend Developer,Senior,"React, C++",Free,
210,James Doe,Data Scientist,Machine Learning Engineer,Mid-Level,"C++, React",Free,
211,Alice Johnson,DevOps Engineer,Site Reliability Engineer,Mid-Level,"Machine Learning, C++",Free,
212,John Garcia,Data Scientist,Machine Learning Engineer,Senior,"React, Java",Free,
213,Emily Johnson,Backend Developer,Node.js Developer,Junior,"Cybersecurity, React, JavaScript",Free,
214,James Williams,Cybersecurity Analyst,SOC Analyst,Junior,"JavaScript, Data Science, SQL",Free,
215,John Smith,Data Scientist,Machine Learning Engineer,Junior,"Machine Learning, Java, Data Science, Cybersecurity",Free,
216,David Davis,Backend Developer,Django Developer,Expert,"Data Science, Python, Cybersecurity",Free,
217,James Garcia,Data Scientist,Machine Learning Engineer,Mid-Level,"Data Science, Machine Learning, C++, Cybersecurity",Free,
218,John Miller,Software Engineer,Full Stack Developer,Junior,"JavaScript, React, Machine Learning",Free,
219,Emma Miller,Cybersecurity Analyst,Security Engineer,Expert,"Java, JavaScript, React",Free,
220,Emily Rodriguez,Frontend Developer,UI/UX Developer,Expert,"Java, Python, Machine Learning, Cybersecurity",Free,
221,Sophia Doe,Frontend Developer,React Developer,Senior,"Java, Machine Learning, Data Science, JavaScript",Free,
222,Olivia Williams,Software Engineer,Full Stack Developer,Mid-Level,"React, Data Science, SQL, JavaScript",Free,
223,Michael Miller,DevOps Engineer,Site Reliability Engineer,Expert,"Machine Learning, React, Java, Python",Free,
224,Emma Rodriguez,Backend Developer,Spring Boot Developer,Mid-Level,"C++, Machine Learning, Python",Free,
225,Sophia Rodriguez,Software Engineer,Backend Developer,Mid-Level,"JavaScript, Machine Learning, Cybersecurity",Free,
226,Alice Davis,Software Engineer,Backend Developer,Mid-Level,"Machine Learning, Python, Cybersecurity",Free,
227,Robert Rodriguez,Backend Developer,Spring Boot Developer,Mid-Level,"Machine Learning, C++, Data Science, DevOps",Free,
228,Robert Davis,Software Engineer,Backend Developer,Expert,"Machine Learning, SQL",Free,
229,John Brown,Backend Developer,Django Developer,Senior,"Python, C++, Cybersecurity, React",Free,
230,Michael Garcia,Data Scientist,Data Analyst,Junior,"C++, DevOps, JavaScript",Free,
231,David Garcia,Backend Developer,Spring Boot Developer,Expert,"C++, Java",Free,
232,Olivia Miller,DevOps Engineer,CI/CD Specialist,Expert,"Java, Machine Learning, Python, SQL",Free,
233,Olivia Smith,DevOps Engineer,Site Reliability Engineer,Junior,"Java, DevOps, C++",Free,
234,Robert Davis,DevOps Engineer,CI/CD Specialist,Senior,"C++, Python",Free,
235,John Johnson,Cybersecurity Analyst,Security Engineer,Expert,"Data Science, DevOps, C++",Free,
236,Olivia Rodriguez,Software Engineer,Backend Developer,Senior,"C++, Data Science",Free,
237,Emily Doe,Backend Developer,Node.js Developer,Mid-Level,"Python, Cybersecurity, React",Free,
238,David Martinez,Backend Developer,Spring Boot Developer,Mid-Level,"Java, Machine Learning, SQL",Free,
239,James Garcia,Backend Developer,Django Developer,Senior,"DevOps, React",Free,
240,John Rodriguez,DevOps Engineer,CI/CD Specialist,Expert,"JavaScript, React, Machine Learning",Free,
241,James Johnson,Backend Developer,Django Developer,Senior,"Java, DevOps",Free,
242,John Garcia,Software Engineer,Backend Developer,Junior,"C++, Cybersecurity, Python",Free,
243,Robert Doe,Frontend Developer,UI/UX Developer,Mid-Level,"DevOps, C++, SQL",Free,
244,James Smith,Cybersecurity Analyst,Ethical Hacker,Senior,"Machine Learning, Python",Free,
245,Emma Garcia,Frontend Developer,React Developer,Mid-Level,"DevOps, Python",Free,
246,Michael Smith,Software Engineer,Full Stack Developer,Senior,"Python, Java, React",Free,
247,Sophia Davis,Backend Developer,Spring Boot Developer,Expert,"JavaScript, C++, Java, Python",Free,
248,David Smith,DevOps Engineer,Site Reliability Engineer,Mid-Level,"Java, JavaScript",Free,
249,Robert Martinez,Backend Developer,Node.js Developer,Junior,"JavaScript, Java",Free,
250,David Williams,Frontend Developer,UI/UX Developer,Junior,"Data Science, SQL, C++",Free,
251,Emma Martinez,DevOps Engineer,Cloud Engineer,Senior,"C++, Cybersecurity",Free,
252,Sophia Martinez,DevOps Engineer,Cloud Engineer,Mid-Level,"C++, Cybersecurity, Java",Free,
253,David Smith,Cybersecurity Analyst,Security Engineer,Expert,"Cybersecurity, SQL",Free,
254,Emma Williams,DevOps Engineer,Cloud Engineer,Senior,"C++, Machine Learning, SQL, React",Free,
255,Robert Johnson,DevOps Engineer,CI/CD Specialist,Senior,"C++, Python, DevOps",Free,
256,John Johnson,Cybersecurity Analyst,Ethical Hacker,Senior,"React, JavaScript, DevOps, Machine Learning",Free,
257,Sophia Davis,Software Engineer,Full Stack Developer,Junior,"JavaScript, Java, Python, Data Science",Free,
258,David Miller,Frontend Developer,UI/UX Developer,Senior,"Cybersecurity, Python, Java, JavaScript",Free,
259,Robert Davis,DevOps Engineer,CI/CD Specialist,Mid-Level,"JavaScript, Python",Free,
260,David Martinez,Software Engineer,Backend Developer,Mid-Level,"C++, Data Science, SQL",Free,
261,John Brown,Software Engineer,Backend Developer,Expert,"Machine Learning, JavaScript, Java",Free,
262,James Johnson,Cybersecurity Analyst,Ethical Hacker,Expert,"Data Science, Java, SQL",Free,
263,Michael Rodriguez,Data Scientist,AI Researcher,Senior,"Data Science, DevOps, JavaScript, SQL",Free,
264,Emma Garcia,Frontend Developer,UI/UX Developer,Mid-Level,"C++, Data Science, SQL, DevOps",Free,
265,Emily Smith,Data Scientist,AI Researcher,Expert,"C++, React",Free,
266,Olivia Martinez,Cybersecurity Analyst,Security Engineer,Senior,"C++, DevOps, Cybersecurity",Free,
267,Olivia Johnson,Frontend Developer,UI/UX Developer,Expert,"Cybersecurity, React",Free,
268,John Miller,DevOps Engineer,Site Reliability Engineer,Mid-Level,"React, DevOps, Data Science, SQL",Free,
269,David Martinez,Backend Developer,Spring Boot Developer,Senior,"Data Science, Java, JavaScript",Free,
270,Sophia Doe,DevOps Engineer,Site Reliability Engineer,Expert,"Python, DevOps",Free,
271,Olivia Martinez,Data Scientist,Machine Learning Engineer,Mid-Level,"JavaScript, Data Science",Free,
272,Alice Williams,Frontend Developer,Vue.js Developer,Mid-Level,"Python, Data Science, Java, SQL",Free,
273,Olivia Johnson,Cybersecurity Analyst,Security Engineer,Mid-Level,"SQL, React, C++, Java",Free,
274,Olivia Rodriguez,Software Engineer,Backend Developer,Mid-Level,"React, DevOps, SQL",Free,
275,Michael Rodriguez,DevOps Engineer,Site Reliability Engineer,Expert,"React, JavaScript, SQL",Free,
276,David Johnson,Cybersecurity Analyst,SOC Analyst,Mid-Level,"SQL, DevOps, Java, Data Science",Free,
277,David Brown,Data Scientist,Machine Learning Engineer,Senior,"Java, Machine Learning, SQL, JavaScript",Free,
278,Robert Doe,Frontend Developer,Vue.js Developer,Senior,"DevOps, JavaScript, Python, SQL",Free,
279,Michael Johnson,Backend Developer,Django Developer,Senior,"DevOps, React, Java, Python",Free,
280,Michael Smith,Frontend Developer,UI/UX Developer,Expert,"DevOps, SQL",Free,
281,Sophia Miller,DevOps Engineer,Cloud Engineer,Mid-Level,"C++, Cybersecurity, Java",Free,
282,Michael Rodriguez,DevOps Engineer,CI/CD Specialist,Expert,"Python, Java, React, SQL",Free,
283,Emily Davis,Data Scientist,Machine Learning Engineer,Senior,"JavaScript, Java, Python",Free,
284,Sophia Miller,Frontend Developer,React Developer,Senior,"Java, DevOps, JavaScript",Free,
285,Michael Brown,Cybersecurity Analyst,Ethical Hacker,Senior,"Machine Learning, Java, SQL, DevOps",Free,
286,David Davis,Data Scientist,Machine Learning Engineer,Senior,"Data Science, Machine Learning",Free,
287,Emma Williams,Cybersecurity Analyst,SOC Analyst,Junior,"Java, DevOps, Machine Learning",Free,
288,David Doe,Frontend Developer,Vue.js Developer,Senior,"SQL, C++",Free,
289,Robert Brown,Cybersecurity Analyst,Ethical Hacker,Senior,"SQL, React, Data Science, DevOps",Free,
290,Michael Smith,Cybersecurity Analyst,Security Engineer,Mid-Level,"Python, Data Science, JavaScript",Free,
291,Sophia Davis,Frontend Developer,UI/UX Developer,Expert,"Java, C++",Free,
292,Emma Garcia,Data Scientist,AI Researcher,Mid-Level,"DevOps, C++, Data Science, Java",Free,
293,Emily Doe,Data Scientist,AI Researcher,Expert,"Cybersecurity, JavaScript",Free,
294,David Miller,Frontend Developer,UI/UX Developer,Senior,"Cybersecurity, DevOps",Free,
295,David Martinez,Software Engineer,Full Stack Developer,Senior,"JavaScript, DevOps, Cybersecurity, React",Free,
296,James Brown,Software Engineer,Frontend Developer,Junior,"Java, Cybersecurity, Machine Learning, DevOps",Free,
297,James Davis,DevOps Engineer,Cloud Engineer,Mid-Level,"DevOps, SQL",Free,
298,Alice Johnson,Frontend Developer,React Developer,Mid-Level,"Cybersecurity, React, Machine Learning, Python",Free,
299,James Rodriguez,Cybersecurity Analyst,SOC Analyst,Expert,"C++, Python",Free,
300,Sophia Miller,Cybersecurity Analyst,Security Engineer,Mid-Level,"C++, React, SQL, Machine Learning",Free,
301,James Smith,Backend Developer,Spring Boot Developer,Expert,"Machine Learning, Python, SQL",Free,
302,Sophia Garcia,Data Scientist,AI Researcher,Junior,"Data Science, SQL",Free,
303,Emily Davis,Frontend Developer,React Developer,Senior,"Python, DevOps, React, Cybersecurity",Free,
304,Emma Miller,Backend Developer,Spring Boot Developer,Senior,"React, SQL, Java, C++",Free,
305,Michael Rodriguez,Backend Developer,Node.js Developer,Senior,"Python, C++",Free,
306,Emma Garcia,Backend Developer,Django Developer,Expert,"JavaScript, React",Free,
307,Emma Miller,DevOps Engineer,Cloud Engineer,Expert,"JavaScript, SQL, Data Science, C++",Free,
308,David Smith,DevOps Engineer,Site Reliability Engineer,Junior,"JavaScript, Cybersecurity, C++",Free,
309,Michael Doe,Backend Developer,Django Developer,Expert,"React, Java, C++",Free,
310,Sophia Doe,Cybersecurity Analyst,SOC Analyst,Junior,"Cybersecurity, Python, Data Science",Free,
311,Olivia Miller,Software Engineer,Backend Developer,Expert,"JavaScript, SQL, C++, DevOps",Free,
312,Sophia Johnson,Data Scientist,Data Analyst,Expert,"Machine Learning, DevOps, C++, SQL",Free,
313,David Garcia,Backend Developer,Spring Boot Developer,Junior,"Machine Learning, React",Free,
314,Sophia Smith,Backend Developer,Node.js Developer,Mid-Level,"Data Science, C++, JavaScript",Free,
315,John Johnson,Software Engineer,Backend Developer,Expert,"React, Data Science",Free,
316,Michael Williams,Cybersecurity Analyst,Ethical Hacker,Junior,"Machine Learning, Data Science, JavaScript, DevOps",Free,
317,Michael Miller,Cybersecurity Analyst,Ethical Hacker,Junior,"Java, JavaScript, Cybersecurity",Free,
318,James Garcia,Frontend Developer,Vue.js Developer,Senior,"JavaScript, Java, React, C++",Free,
319,Michael Doe,Software Engineer,Full Stack Developer,Expert,"SQL, DevOps, Python",Free,
320,John Johnson,Backend Developer,Node.js Developer,Expert,"Cybersecurity, Java",Free,
321,Robert Doe,Software Engineer,Frontend Developer,Expert,"Data Science, DevOps",Free,
322,Robert Williams,Software Engineer,Backend Developer,Expert,"Machine Learning, Cybersecurity",Free,
323,Emma Miller,Software Engineer,Frontend Developer,Junior,"Data Science, C++",Free,
324,David Garcia,Data Scientist,Data Analyst,Expert,"Cybersecurity, React",Free,
325,John Garcia,Backend Developer,Django Developer,Expert,"DevOps, Machine Learning",Free,
326,James Miller,Cybersecurity Analyst,SOC Analyst,Mid-Level,"React, SQL, Java",Free,
327,Emma Garcia,Data Scientist,Machine Learning Engineer,Senior,"Java, Data Science, Python, C++",Free,
328,Emma Brown,Data Scientist,AI Researcher,Senior,"DevOps, SQL",Free,
329,John Garcia,DevOps Engineer,Cloud Engineer,Expert,"Cybersecurity, JavaScript",Free,
330,Robert Johnson,Backend Developer,Node.js Developer,Senior,"DevOps, C++, Java, JavaScript",Free,
331,Emily Rodriguez,Data Scientist,Machine Learning Engineer,Junior,"SQL, React, DevOps",Free,
332,Michael Williams,Backend Developer,Django Developer,Junior,"Cybersecurity, Data Science, DevOps, JavaScript",Free,
333,David Rodriguez,Cybersecurity Analyst,Ethical Hacker,Mid-Level,"DevOps, Cybersecurity, Data Science, Java",Free,
334,Emily Garcia,DevOps Engineer,Site Reliability Engineer,Mid-Level,"Java, Python, DevOps, Machine Learning",Free,
335,Robert Martinez,DevOps Engineer,Cloud Engineer,Junior,"SQL, JavaScript, Python",Free,
336,Emma Brown,Software Engineer,Full Stack Developer,Expert,"Java, Cybersecurity",Free,
337,Robert Rodriguez,DevOps Engineer,CI/CD Specialist,Mid-Level,"Data Science, SQL, Java, Machine Learning",Free,
338,Emma Williams,Backend Developer,Spring Boot Developer,Junior,"Data Science, Java, SQL",Free,
339,John Brown,Cybersecurity Analyst,Security Engineer,Expert,"Machine Learning, JavaScript, C++",Free,
340,John Smith,Cybersecurity Analyst,Ethical Hacker,Junior,"SQL, Python",Free,
341,James Garcia,Cybersecurity Analyst,Security Engineer,Mid-Level,"Java, Python, SQL, Data Science",Free,
342,Emma Brown,Frontend Developer,UI/UX Developer,Mid-Level,"Cybersecurity, Machine Learning",Free,
343,John Rodriguez,Data Scientist,Data Analyst,Expert,"SQL, C++",Free,
344,James Brown,DevOps Engineer,Cloud Engineer,Mid-Level,"Java, Machine Learning",Free,
345,John Williams,Software Engineer,Full Stack Developer,Senior,"DevOps, Java, JavaScript",Free,
346,Sophia Rodriguez,Software Engineer,Full Stack Developer,Expert,"Machine Learning, React",Free,
347,James Smith,Software Engineer,Full Stack Developer,Junior,"Machine Learning, Python, C++, Java",Free,
348,James Garcia,Data Scientist,AI Researcher,Junior,"Python, Java",Free,
349,Sophia Smith,Software Engineer,Full Stack Developer,Senior,"DevOps, Data Science",Free,
350,Sophia Johnson,DevOps Engineer,Cloud Engineer,Senior,"Machine Learning, Python, Java",Free,
351,Robert Brown,Frontend Developer,UI/UX Developer,Expert,"React, Java, DevOps, Data Science",Free,
352,Emily Miller,DevOps Engineer,Cloud Engineer,Mid-Level,"C++, Java, React",Free,
353,John Martinez,Data Scientist,Data Analyst,Senior,"DevOps, Python",Free,
354,John Davis,Cybersecurity Analyst,SOC Analyst,Junior,"JavaScript, DevOps",Free,
355,John Rodriguez,Backend Developer,Spring Boot Developer,Mid-Level,"React, Python",Free,
356,Sophia Davis,DevOps Engineer,CI/CD Specialist,Mid-Level,"DevOps, C++",Free,
357,David Brown,Frontend Developer,Vue.js Developer,Expert,"Java, Machine Learning, Data Science",Free,
358,Robert Garcia,DevOps Engineer,Site Reliability Engineer,Senior,"JavaScript, Data Science, Machine Learning, SQL",Free,
359,John Smith,Frontend Developer,React Developer,Expert,"C++, Python, JavaScript",Free,
360,Emily Smith,Frontend Developer,React Developer,Junior,"Java, Data Science, Python",Free,
361,Sophia Miller,Cybersecurity Analyst,Security Engineer,Senior,"C++, SQL",Free,
362,Michael Garcia,Data Scientist,Machine Learning Engineer,Expert,"DevOps, SQL, C++, Cybersecurity",Free,
363,Sophia Garcia,Cybersecurity Analyst,Ethical Hacker,Junior,"Python, JavaScript",Free,
364,Emma Johnson,Cybersecurity Analyst,Security Engineer,Mid-Level,"Java, SQL",Free,
365,Robert Miller,Cybersecurity Analyst,SOC Analyst,Junior,"React, DevOps, Machine Learning, Python",Free,
366,Emma Brown,Cybersecurity Analyst,Security Engineer,Junior,"DevOps, Java",Free,
367,Michael Miller,Data Scientist,Machine Learning Engineer,Senior,"Java, JavaScript",Free,
368,Emily Miller,Backend Developer,Node.js Developer,Expert,"Cybersecurity, JavaScript, Python",Free,
369,Alice Davis,Backend Developer,Django Developer,Mid-Level,"Java, DevOps, SQL",Free,
370,Alice Davis,Software Engineer,Full Stack Developer,Expert,"Machine Learning, JavaScript, C++, DevOps",Free,
371,Sophia Doe,Backend Developer,Django Developer,Mid-Level,"Java, Data Science, Machine Learning",Free,
372,James Martinez,Data Scientist,Data Analyst,Junior,"C++, DevOps, Python",Free,
373,Michael Garcia,DevOps Engineer,Site Reliability Engineer,Expert,"Machine Learning, C++, Cybersecurity, SQL",Free,
374,Robert Martinez,Cybersecurity Analyst,SOC Analyst,Junior,"React, Machine Learning, C++",Free,
375,Emma Miller,Backend Developer,Django Developer,Mid-Level,"Java, Machine Learning, SQL, DevOps",Free,
376,Robert Miller,DevOps Engineer,Site Reliability Engineer,Senior,"Python, Machine Learning, React, Java",Free,
377,Olivia Johnson,Cybersecurity Analyst,Ethical Hacker,Mid-Level,"Cybersecurity, Java, React, Data Science",Free,
378,John Rodriguez,Frontend Developer,UI/UX Developer,Junior,"Cybersecurity, Python",Free,
379,Michael Miller,Cybersecurity Analyst,Ethical Hacker,Junior,"SQL, Java, Cybersecurity",Free,
380,Emma Miller,Backend Developer,Django Developer,Mid-Level,"Machine Learning, React",Free,
381,Michael Miller,Frontend Developer,Vue.js Developer,Expert,"C++, Machine Learning",Free,
382,David Rodriguez,Data Scientist,AI Researcher,Expert,"Data Science, React",Free,
383,Emily Rodriguez,Software Engineer,Full Stack Developer,Junior,"React, Data Science, Python, Cybersecurity",Free,
384,Olivia Garcia,Frontend Developer,React Developer,Senior,"Machine Learning, JavaScript, Data Science",Free,
385,Sophia Miller,Data Scientist,Machine Learning Engineer,Mid-Level,"SQL, JavaScript, React",Free,
386,James Johnson,Software Engineer,Frontend Developer,Senior,"DevOps, Machine Learning, C++",Free,
387,John Martinez,Backend Developer,Node.js Developer,Expert,"Machine Learning, Cybersecurity, React",Free,
388,Sophia Smith,Cybersecurity Analyst,Ethical Hacker,Senior,"Machine Learning, Python, DevOps, Cybersecurity",Free,
389,Emily Rodriguez,Frontend Developer,React Developer,Mid-Level,"React, JavaScript, Machine Learning",Free,
390,John Smith,Cybersecurity Analyst,SOC Analyst,Junior,"Python, Data Science, Java",Free,
391,Robert Brown,Software Engineer,Frontend Developer,Junior,"React, Machine Learning, Python",Free,
392,James Doe,Software Engineer,Frontend Developer,Expert,"Java, SQL",Free,
393,David Martinez,Software Engineer,Backend Developer,Mid-Level,"React, Cybersecurity, JavaScript, Python",Free,
394,Olivia Garcia,Software Engineer,Frontend Developer,Mid-Level,"React, Cybersecurity",Free,
395,Robert Doe,DevOps Engineer,CI/CD Specialist,Junior,"Cybersecurity, Data Science, DevOps, Python",Free,
396,Olivia Martinez,Software Engineer,Frontend Developer,Expert,"C++, React",Free,
397,Emily Martinez,Data Scientist,AI Researcher,Expert,"Python, Cybersecurity",Free,
398,Emma Garcia,Cybersecurity Analyst,Ethical Hacker,Mid-Level,"C++, DevOps",Free,
399,Sophia Williams,Frontend Developer,React Developer,Senior,"Machine Learning, DevOps, Java, C++",Free,
400,Alice Johnson,Backend Developer,Django Developer,Mid-Level,"C++, SQL, Data Science",Free,
401,Emma Williams,DevOps Engineer,Site Reliability Engineer,Mid-Level,"Java, Machine Learning, Cybersecurity",Free,
402,John Doe,Backend Developer,Spring Boot Developer,Junior,"Data Science, Python",Free,
403,David Rodriguez,Frontend Developer,Vue.js Developer,Expert,"Cybersecurity, JavaScript",Free,
404,Olivia Martinez,Backend Developer,Node.js Developer,Expert,"Cybersecurity, JavaScript, Java, Python",Free,
405,Emily Johnson,DevOps Engineer,Site Reliability Engineer,Expert,"DevOps, Python, SQL",Free,
406,Olivia Doe,DevOps Engineer,CI/CD Specialist,Junior,"Java, SQL, JavaScript",Free,
407,David Garcia,Backend Developer,Django Developer,Expert,"C++, DevOps, SQL",Free,
408,John Davis,DevOps Engineer,CI/CD Specialist,Mid-Level,"Data Science, Machine Learning",Free,
409,Robert Miller,Cybersecurity Analyst,Ethical Hacker,Mid-Level,"React, JavaScript",Free,
410,Robert Miller,Cybersecurity Analyst,SOC Analyst,Expert,"DevOps, Machine Learning, Python",Free,
411,Sophia Williams,DevOps Engineer,CI/CD Specialist,Expert,"JavaScript, React, Machine Learning",Free,
412,Sophia Williams,Software Engineer,Backend Developer,Mid-Level,"DevOps, SQL",Free,
413,Robert Garcia,DevOps Engineer,Site Reliability Engineer,Senior,"React, C++, SQL, Machine Learning",Free,
414,Emma Miller,Frontend Developer,Vue.js Developer,Senior,"Java, DevOps, Python, React",Free,
415,Emily Williams,Backend Developer,Node.js Developer,Mid-Level,"C++, Python, Machine Learning",Free,
416,John Davis,DevOps Engineer,CI/CD Specialist,Senior,"Python, Data Science, C++, JavaScript",Free,
417,Alice Davis,Data Scientist,AI Researcher,Junior,"DevOps, JavaScript, C++, Java",Free,
418,Michael Miller,Backend Developer,Node.js Developer,Expert,"DevOps, Java, Cybersecurity, C++",Free,
419,Michael Garcia,Cybersecurity Analyst,SOC Analyst,Expert,"SQL, Java",Free,
420,Emily Martinez,Cybersecurity Analyst,Security Engineer,Junior,"JavaScript, Cybersecurity, Data Science, C++",Free,
421,Robert Martinez,Data Scientist,AI Researcher,Mid-Level,"C++, Data Science, Python, Java",Free,
422,Robert Brown,Frontend Developer,UI/UX Developer,Expert,"Cybersecurity, React, C++, Python",Free,
423,John Miller,DevOps Engineer,Cloud Engineer,Senior,"React, SQL",Free,
424,Sophia Doe,DevOps Engineer,CI/CD Specialist,Mid-Level,"C++, Data Science, DevOps",Free,
425,David Rodriguez,Data Scientist,Data Analyst,Junior,"Data Science, JavaScript, DevOps",Free,
426,Sophia Martinez,Frontend Developer,Vue.js Developer,Mid-Level,"React, Java, C++",Free,
427,Sophia Brown,Frontend Developer,UI/UX Developer,Senior,"Machine Learning, Java",Free,
428,Robert Davis,Backend Developer,Django Developer,Expert,"Machine Learning, React",Free,
429,Emily Johnson,Frontend Developer,React Developer,Junior,"Machine Learning, Python, JavaScript, Cybersecurity",Free,
430,Olivia Johnson,DevOps Engineer,Cloud Engineer,Senior,"Cybersecurity, SQL, React, Machine Learning",Free,
431,Michael Rodriguez,Data Scientist,Machine Learning Engineer,Senior,"Python, React",Free,
432,Emma Smith,Software Engineer,Full Stack Developer,Senior,"Java, Cybersecurity, Python, Data Science",Free,
433,John Rodriguez,Backend Developer,Node.js Developer,Junior,"C++, Python, Data Science",Free,
434,David Williams,Cybersecurity Analyst,SOC Analyst,Mid-Level,"Cybersecurity, JavaScript, C++",Free,
435,Alice Rodriguez,Frontend Developer,React Developer,Junior,"Cybersecurity, SQL",Free,
436,David Johnson,Software Engineer,Backend Developer,Senior,"SQL, Java, C++",Free,
437,John Doe,Cybersecurity Analyst,SOC Analyst,Junior,"SQL, React, Machine Learning, Data Science",Free,
438,Michael Martinez,Frontend Developer,UI/UX Developer,Expert,"DevOps, Java, Cybersecurity, React",Free,
439,Sophia Davis,Software Engineer,Backend Developer,Junior,"Cybersecurity, SQL",Free,
440,Emma Rodriguez,Data Scientist,Machine Learning Engineer,Mid-Level,"React, Machine Learning, Data Science, JavaScript",Free,
441,Emily Miller,Frontend Developer,UI/UX Developer,Mid-Level,"React, JavaScript, Machine Learning, Python",Free,
442,Emma Martinez,Frontend Developer,React Developer,Expert,"React, C++, DevOps",Free,
443,Emma Miller,Frontend Developer,Vue.js Developer,Expert,"Cybersecurity, Python, Machine Learning, DevOps",Free,
444,David Garcia,Data Scientist,AI Researcher,Expert,"DevOps, JavaScript, Cybersecurity, Java",Free,
445,James Rodriguez,Frontend Developer,Vue.js Developer,Senior,"Machine Learning, DevOps, Data Science, C++",Free,
446,Sophia Williams,Frontend Developer,UI/UX Developer,Senior,"React, DevOps, SQL, Machine Learning",Free,
447,John Doe,Frontend Developer,Vue.js Developer,Junior,"Machine Learning, Cybersecurity, React",Free,
448,Alice Brown,Frontend Developer,UI/UX Developer,Junior,"Cybersecurity, Data Science, SQL, Java",Free,
449,Emily Garcia,Cybersecurity Analyst,Ethical Hacker,Senior,"DevOps, C++, React, Machine Learning",Free,
450,Emma Brown,Software Engineer,Backend Developer,Mid-Level,"Cybersecurity, DevOps, Python, SQL",Free,
451,Sophia Miller,Software Engineer,Full Stack Developer,Expert,"React, Java, DevOps",Free,
452,James Johnson,Software Engineer,Backend Developer,Mid-Level,"Machine Learning, React, Cybersecurity",Free,
453,Emma Davis,Cybersecurity Analyst,Security Engineer,Mid-Level,"JavaScript, React, Cybersecurity",Free,
454,Olivia Miller,Frontend Developer,Vue.js Developer,Senior,"Cybersecurity, React, JavaScript",Free,
455,Alice Johnson,Backend Developer,Node.js Developer,Senior,"Machine Learning, Java",Free,
456,Alice Rodriguez,Software Engineer,Full Stack Developer,Senior,"JavaScript, Java, Data Science, DevOps",Free,
457,James Johnson,Data Scientist,AI Researcher,Expert,"Cybersecurity, React",Free,
458,John Martinez,Software Engineer,Frontend Developer,Mid-Level,"Data Science, DevOps, SQL",Free,
459,Emily Williams,Data Scientist,Machine Learning Engineer,Senior,"C++, SQL",Free,
460,John Smith,Cybersecurity Analyst,Security Engineer,Senior,"Java, C++, JavaScript, Data Science",Free,
461,Emily Martinez,DevOps Engineer,Cloud Engineer,Expert,"Python, Data Science, Cybersecurity, C++",Free,
462,Michael Davis,Software Engineer,Full Stack Developer,Junior,"Cybersecurity, DevOps, C++, SQL",Free,
463,Olivia Davis,Frontend Developer,Vue.js Developer,Senior,"Java, Python",Free,
464,John Rodriguez,Frontend Developer,UI/UX Developer,Expert,"Python, Data Science, Java, Machine Learning",Free,
465,David Smith,Cybersecurity Analyst,Security Engineer,Senior,"Java, React, DevOps, C++",Free,
466,Sophia Miller,Software Engineer,Frontend Developer,Junior,"Python, DevOps",Free,
467,Emma Johnson,DevOps Engineer,Site Reliability Engineer,Expert,"Python, Machine Learning, Data Science",Free,
468,Olivia Brown,Cybersecurity Analyst,SOC Analyst,Senior,"Java, React, Cybersecurity",Free,
469,Robert Williams,Cybersecurity Analyst,Security Engineer,Mid-Level,"JavaScript, Machine Learning",Free,
470,Alice Miller,Data Scientist,Data Analyst,Expert,"JavaScript, SQL, Java, Machine Learning",Free,
471,Michael Garcia,DevOps Engineer,CI/CD Specialist,Mid-Level,"DevOps, Cybersecurity",Free,
472,John Smith,Frontend Developer,Vue.js Developer,Expert,"SQL, Python",Free,
473,David Miller,Data Scientist,Data Analyst,Mid-Level,"C++, SQL",Free,
474,James Johnson,Software Engineer,Backend Developer,Senior,"Data Science, Cybersecurity, Python",Free,
475,Alice Miller,Cybersecurity Analyst,SOC Analyst,Senior,"JavaScript, C++",Free,
476,John Miller,Frontend Developer,UI/UX Developer,Junior,"Java, Data Science",Free,
477,Emily Garcia,DevOps Engineer,CI/CD Specialist,Senior,"Python, Data Science",Free,
478,John Rodriguez,Backend Developer,Django Developer,Senior,"Data Science, Cybersecurity, Machine Learning, SQL",Free,
479,Olivia Garcia,DevOps Engineer,CI/CD Specialist,Mid-Level,"React, Java, JavaScript",Free,
480,Michael Miller,Software Engineer,Full Stack Developer,Mid-Level,"JavaScript, Python, Machine Learning, Data Science",Free,
481,Robert Williams,DevOps Engineer,CI/CD Specialist,Junior,"Data Science, Java",Free,
482,Alice Rodriguez,Data Scientist,Data Analyst,Senior,"C++, React, JavaScript",Free,
483,James Smith,DevOps Engineer,CI/CD Specialist,Mid-Level,"C++, Data Science",Free,
484,David Johnson,Frontend Developer,UI/UX Developer,Mid-Level,"JavaScript, Data Science",Free,
485,Emily Doe,Data Scientist,Machine Learning Engineer,Mid-Level,"Machine Learning, Java, Python, Cybersecurity",Free,
486,Robert Garcia,Software Engineer,Full Stack Developer,Senior,"React, JavaScript, DevOps, C++",Free,
487,John Smith,Software Engineer,Backend Developer,Senior,"DevOps, React",Free,
488,Sophia Williams,Backend Developer,Spring Boot Developer,Senior,"Java, Data Science",Free,
489,Michael Garcia,Backend Developer,Django Developer,Senior,"Python, Java",Free,
490,John Rodriguez,Frontend Developer,Vue.js Developer,Expert,"JavaScript, Data Science",Free,
491,James Garcia,Data Scientist,AI Researcher,Junior,"C++, SQL",Free,
492,John Miller,DevOps Engineer,CI/CD Specialist,Senior,"Data Science, Cybersecurity, Machine Learning",Free,
493,Emma Johnson,Data Scientist,Machine Learning Engineer,Expert,"Java, Cybersecurity, SQL",Free,
494,John Rodriguez,Backend Developer,Node.js Developer,Junior,"Data Science, React",Free,
495,Emily Martinez,Frontend Developer,React Developer,Senior,"Machine Learning, Cybersecurity, Python, C++",Free,
496,James Miller,Data Scientist,Machine Learning Engineer,Junior,"JavaScript, Cybersecurity",Free,
497,Robert Martinez,Backend Developer,Spring Boot Developer,Senior,"DevOps, SQL, Cybersecurity",Free,
498,Emily Williams,Cybersecurity Analyst,SOC Analyst,Senior,"React, Cybersecurity",Free,
499,Emily Williams,Backend Developer,Spring Boot Developer,Senior,"DevOps, C++",Free,
500,David Williams,Backend Developer,Node.js Developer,Senior,"React, Java, Python, Machine Learning",Free,
501,Emma Rodriguez,Backend Developer,Node.js Developer,Mid-Level,"Java, DevOps, Cybersecurity",Free,
502,Alice Miller,Data Scientist,Machine Learning Engineer,Expert,"Python, Java, C++, Data Science",Free,
503,David Rodriguez,Software Engineer,Frontend Developer,Junior,"Machine Learning, SQL, JavaScript, React",Free,
504,Robert Johnson,DevOps Engineer,Site Reliability Engineer,Mid-Level,"SQL, DevOps, React",Free,
505,James Rodriguez,Data Scientist,AI Researcher,Mid-Level,"DevOps, JavaScript, Python",Free,
506,Emily Miller,Frontend Developer,React Developer,Mid-Level,"DevOps, SQL, React",Free,
507,Emma Brown,DevOps Engineer,CI/CD Specialist,Senior,"Cybersecurity, DevOps, React, Machine Learning",Free,
508,Emily Brown,Data Scientist,Machine Learning Engineer,Expert,"Java, SQL, C++, Data Science",Free,
509,Emma Smith,Backend Developer,Node.js Developer,Expert,"Java, Python",Free,
510,Michael Rodriguez,DevOps Engineer,Site Reliability Engineer,Expert,"Machine Learning, DevOps, Cybersecurity",Free,
511,Sophia Miller,Backend Developer,Django Developer,Expert,"Java, Machine Learning, SQL",Free,
512,Alice Brown,Frontend Developer,React Developer,Mid-Level,"React, Data Science, DevOps, SQL",Free,
513,Sophia Johnson,Data Scientist,Machine Learning Engineer,Mid-Level,"Data Science, Cybersecurity, Machine Learning",Free,
514,Olivia Brown,DevOps Engineer,CI/CD Specialist,Expert,"C++, Machine Learning",Free,
515,John Garcia,Frontend Developer,UI/UX Developer,Mid-Level,"Python, Cybersecurity",Free,
516,John Garcia,Cybersecurity Analyst,Security Engineer,Junior,"JavaScript, SQL, C++, Java",Free,
517,John Garcia,Data Scientist,AI Researcher,Mid-Level,"Java, Python, SQL",Free,
518,Emma Williams,Data Scientist,Data Analyst,Mid-Level,"JavaScript, Cybersecurity, Data Science",Free,
519,Emma Smith,Software Engineer,Full Stack Developer,Senior,"Python, React, Data Science, SQL",Free,
520,John Martinez,DevOps Engineer,CI/CD Specialist,Expert,"JavaScript, Machine Learning",Free,
521,David Miller,Frontend Developer,React Developer,Expert,"SQL, JavaScript, Java",Free,
522,Olivia Miller,Cybersecurity Analyst,Ethical Hacker,Senior,"DevOps, C++",Free,
523,John Brown,DevOps Engineer,Site Reliability Engineer,Expert,"Data Science, Java",Free,
524,David Rodriguez,DevOps Engineer,CI/CD Specialist,Senior,"Machine Learning, DevOps, Data Science, Python",Free,
525,Michael Miller,Software Engineer,Full Stack Developer,Junior,"JavaScript, Data Science",Free,
526,David Doe,Backend Developer,Django Developer,Senior,"Cybersecurity, Data Science, Machine Learning",Free,
527,John Martinez,Data Scientist,Machine Learning Engineer,Mid-Level,"Cybersecurity, Python, Data Science",Free,
528,David Rodriguez,Software Engineer,Backend Developer,Senior,"C++, Machine Learning, Data Science",Free,
529,Robert Williams,Cybersecurity Analyst,Security Engineer,Junior,"DevOps, React, Python, JavaScript",Free,
530,James Davis,DevOps Engineer,CI/CD Specialist,Senior,"Python, Data Science, SQL",Free,
531,David Miller,Cybersecurity Analyst,SOC Analyst,Senior,"SQL, JavaScript",Free,
532,Sophia Doe,Frontend Developer,Vue.js Developer,Mid-Level,"DevOps, Cybersecurity, Java, Data Science",Free,
533,Sophia Garcia,Software Engineer,Full Stack Developer,Expert,"React, Cybersecurity, JavaScript",Free,
534,Emily Doe,Software Engineer,Backend Developer,Junior,"DevOps, SQL, Python, React",Free,
535,Michael Doe,Backend Developer,Spring Boot Developer,Expert,"SQL, JavaScript, Java, DevOps",Free,
536,Michael Rodriguez,Frontend Developer,React Developer,Junior,"Machine Learning, Python, Data Science",Free,
537,Michael Rodriguez,Frontend Developer,React Developer,Expert,"SQL, Machine Learning",Free,
538,Robert Brown,Cybersecurity Analyst,Ethical Hacker,Senior,"Cybersecurity, Python",Free,
539,David Johnson,Frontend Developer,Vue.js Developer,Senior,"Java, C++",Free,
540,John Smith,Data Scientist,Machine Learning Engineer,Junior,"C++, SQL, JavaScript, Python",Free,
541,Robert Smith,Data Scientist,AI Researcher,Junior,"Java, JavaScript, DevOps",Free,
542,David Rodriguez,Backend Developer,Django Developer,Junior,"JavaScript, Java",Free,
543,Robert Davis,Cybersecurity Analyst,Ethical Hacker,Junior,"C++, SQL, Machine Learning",Free,
544,Sophia Smith,Cybersecurity Analyst,Security Engineer,Expert,"React, DevOps, Python",Free,
545,Emma Martinez,Data Scientist,AI Researcher,Mid-Level,"C++, SQL, Data Science",Free,
546,Michael Davis,Backend Developer,Node.js Developer,Senior,"JavaScript, Data Science, Java, DevOps",Free,
547,David Davis,Data Scientist,Machine Learning Engineer,Mid-Level,"Data Science, Python",Free,
548,Emma Brown,Software Engineer,Backend Developer,Mid-Level,"C++, Java, React",Free,
549,Alice Miller,DevOps Engineer,Site Reliability Engineer,Junior,"Java, DevOps",Free,
550,Emily Brown,DevOps Engineer,Cloud Engineer,Mid-Level,"Java, React",Free,
551,Emily Doe,Frontend Developer,UI/UX Developer,Senior,"Python, DevOps",Free,
552,Sophia Smith,Data Scientist,Machine Learning Engineer,Mid-Level,"Java, Machine Learning, React",Free,
553,James Rodriguez,Data Scientist,AI Researcher,Mid-Level,"Cybersecurity, DevOps, React",Free,
554,Robert Davis,Backend Developer,Spring Boot Developer,Mid-Level,"Machine Learning, Java, JavaScript",Free,
555,Michael Martinez,Frontend Developer,UI/UX Developer,Expert,"Java, Data Science, Cybersecurity, React",Free,
556,Michael Davis,DevOps Engineer,Site Reliability Engineer,Mid-Level,"C++, Data Science",Free,
557,Emma Williams,Cybersecurity Analyst,Ethical Hacker,Junior,"DevOps, JavaScript, Machine Learning, Data Science",Free,
558,Olivia Garcia,Backend Developer,Django Developer,Expert,"Python, React, C++",Free,
559,Alice Davis,Backend Developer,Spring Boot Developer,Junior,"Data Science, Machine Learning",Free,
560,Robert Brown,Backend Developer,Django Developer,Junior,"Cybersecurity, DevOps, Machine Learning",Free,
561,Emma Martinez,Software Engineer,Frontend Developer,Junior,"C++, DevOps",Free,
562,Sophia Johnson,Backend Developer,Node.js Developer,Junior,"DevOps, JavaScript, Machine Learning",Free,
563,Robert Miller,DevOps Engineer,CI/CD Specialist,Mid-Level,"Python, Java",Free,
564,Sophia Miller,Cybersecurity Analyst,Ethical Hacker,Mid-Level,"Cybersecurity, React, Machine Learning, JavaScript",Free,
565,Olivia Smith,Backend Developer,Spring Boot Developer,Expert,"C++, JavaScript, React, SQL",Free,
566,Emma Williams,Frontend Developer,React Developer,Junior,"DevOps, React, JavaScript",Free,
567,Robert Smith,Frontend Developer,Vue.js Developer,Senior,"React, Cybersecurity, JavaScript, DevOps",Free,
568,John Johnson,Cybersecurity Analyst,Security Engineer,Expert,"Data Science, React, C++, Machine Learning",Free,
569,James Rodriguez,Data Scientist,AI Researcher,Senior,"C++, React",Free,
570,John Martinez,Backend Developer,Spring Boot Developer,Expert,"Java, React",Free,
571,Michael Davis,Software Engineer,Full Stack Developer,Senior,"DevOps, JavaScript, Cybersecurity",Free,
572,Sophia Miller,Frontend Developer,React Developer,Junior,"DevOps, JavaScript, Machine Learning, Python",Free,
573,Robert Brown,Software Engineer,Full Stack Developer,Junior,"SQL, Java, Machine Learning, Data Science",Free,
574,David Garcia,Software Engineer,Full Stack Developer,Mid-Level,"Data Science, React, C++",Free,
575,Emma Williams,Backend Developer,Django Developer,Senior,"SQL, DevOps, Java",Free,
576,Michael Johnson,Cybersecurity Analyst,Security Engineer,Mid-Level,"Python, Cybersecurity, DevOps",Free,
577,David Garcia,Cybersecurity Analyst,SOC Analyst,Expert,"Cybersecurity, Data Science",Free,
578,John Brown,Data Scientist,Machine Learning Engineer,Expert,"Machine Learning, Python",Free,
579,John Martinez,Frontend Developer,React Developer,Junior,"JavaScript, Data Science",Free,
580,John Doe,Backend Developer,Django Developer,Expert,"C++, JavaScript",Free,
581,John Doe,DevOps Engineer,Site Reliability Engineer,Senior,"Python, React, Cybersecurity, Machine Learning",Free,
582,James Garcia,Data Scientist,AI Researcher,Senior,"C++, React, Java",Free,
583,Robert Brown,DevOps Engineer,CI/CD Specialist,Mid-Level,"Data Science, Cybersecurity",Free,
584,Emily Rodriguez,Software Engineer,Frontend Developer,Mid-Level,"DevOps, React",Free,
585,Olivia Miller,Backend Developer,Django Developer,Junior,"React, Python",Free,
586,Michael Davis,Backend Developer,Django Developer,Junior,"Python, JavaScript",Free,
587,John Smith,Data Scientist,AI Researcher,Senior,"DevOps, Data Science",Free,
588,Michael Williams,Frontend Developer,React Developer,Mid-Level,"JavaScript, SQL",Free,
589,Sophia Doe,Cybersecurity Analyst,Ethical Hacker,Senior,"Cybersecurity, JavaScript, Machine Learning",Free,
590,Alice Garcia,Software Engineer,Backend Developer,Junior,"Machine Learning, Python, SQL, React",Free,
591,Emily Miller,Data Scientist,AI Researcher,Mid-Level,"Python, Data Science, DevOps, Cybersecurity",Free,
592,James Davis,Data Scientist,AI Researcher,Junior,"Cybersecurity, Java, JavaScript",Free,
593,David Williams,Backend Developer,Node.js Developer,Senior,"React, SQL, Machine Learning, Java",Free,
594,Sophia Williams,Backend Developer,Spring Boot Developer,Mid-Level,"Java, C++",Free,
595,Emily Rodriguez,Data Scientist,AI Researcher,Expert,"DevOps, Machine Learning, Cybersecurity",Free,
596,Alice Brown,Frontend Developer,UI/UX Developer,Expert,"React, Data Science, Machine Learning",Free,
597,James Smith,DevOps Engineer,Site Reliability Engineer,Senior,"Data Science, JavaScript, SQL",Free,
598,Olivia Rodriguez,Frontend Developer,Vue.js Developer,Mid-Level,"JavaScript, Cybersecurity, React",Free,
599,John Johnson,Data Scientist,Data Analyst,Mid-Level,"JavaScript, Machine Learning, React, DevOps",Free,
600,Alice Garcia,DevOps Engineer,CI/CD Specialist,Junior,"SQL, Cybersecurity, C++, Java",Free,
601,James Brown,Frontend Developer,React Developer,Senior,"Cybersecurity, Data Science, DevOps, SQL",Free,
602,Sophia Brown,Software Engineer,Backend Developer,Expert,"React, JavaScript, DevOps",Free,
603,Emma Williams,Cybersecurity Analyst,SOC Analyst,Senior,"React, Machine Learning, JavaScript, C++",Free,
604,Michael Garcia,Data Scientist,AI Researcher,Junior,"React, Python, Java",Free,
605,Emily Williams,Backend Developer,Spring Boot Developer,Junior,"SQL, C++, DevOps",Free,
606,Emma Johnson,Backend Developer,Spring Boot Developer,Junior,"Data Science, Python, Java",Free,
607,Sophia Doe,Software Engineer,Frontend Developer,Senior,"SQL, Python, JavaScript, Machine Learning",Free,
608,Emily Rodriguez,Backend Developer,Node.js Developer,Mid-Level,"React, JavaScript",Free,
609,Emma Johnson,Frontend Developer,React Developer,Expert,"React, Java, C++, DevOps",Free,
610,Olivia Garcia,DevOps Engineer,Cloud Engineer,Mid-Level,"React, SQL",Free,
611,Alice Garcia,Frontend Developer,UI/UX Developer,Junior,"SQL, Machine Learning, C++, Python",Free,
612,Sophia Brown,Cybersecurity Analyst,Security Engineer,Junior,"Machine Learning, C++, DevOps, Python",Free,
613,Olivia Johnson,Backend Developer,Node.js Developer,Expert,"Data Science, React, Machine Learning",Free,
614,Sophia Doe,Backend Developer,Django Developer,Mid-Level,"Data Science, SQL, DevOps, Java",Free,
615,John Doe,Data Scientist,AI Researcher,Mid-Level,"SQL, JavaScript",Free,
616,Emily Doe,Cybersecurity Analyst,Ethical Hacker,Expert,"SQL, DevOps, Cybersecurity",Free,
617,Olivia Garcia,Software Engineer,Frontend Developer,Mid-Level,"C++, Data Science, JavaScript",Free,
618,Alice Williams,Frontend Developer,UI/UX Developer,Senior,"C++, Java, DevOps, JavaScript",Free,
619,John Doe,DevOps Engineer,CI/CD Specialist,Junior,"C++, Cybersecurity",Free,
620,James Williams,Data Scientist,Machine Learning Engineer,Junior,"JavaScript, Cybersecurity",Free,
621,Alice Williams,DevOps Engineer,Site Reliability Engineer,Senior,"Java, DevOps, SQL, Cybersecurity",Free,
622,Robert Davis,Backend Developer,Node.js Developer,Mid-Level,"Cybersecurity, React",Free,
623,Sophia Brown,DevOps Engineer,CI/CD Specialist,Expert,"Java, DevOps",Free,
624,Michael Miller,Software Engineer,Backend Developer,Expert,"SQL, DevOps, Java",Free,
625,Robert Rodriguez,DevOps Engineer,Cloud Engineer,Mid-Level,"JavaScript, Machine Learning, Java",Free,
626,Alice Williams,Data Scientist,Machine Learning Engineer,Mid-Level,"DevOps, React, JavaScript, SQL",Free,
627,Olivia Miller,DevOps Engineer,CI/CD Specialist,Expert,"DevOps, Python, Cybersecurity, React",Free,
628,Emma Johnson,Software Engineer,Frontend Developer,Mid-Level,"DevOps, C++",Free,
629,John Rodriguez,Backend Developer,Node.js Developer,Mid-Level,"JavaScript, Cybersecurity, Java, React",Free,
630,Michael Johnson,Data Scientist,Data Analyst,Expert,"JavaScript, React, C++",Free,
631,Michael Williams,Software Engineer,Full Stack Developer,Mid-Level,"Python, React",Free,
632,Robert Martinez,Software Engineer,Frontend Developer,Junior,"Machine Learning, Cybersecurity, React, JavaScript",Free,
633,Sophia Johnson,Frontend Developer,Vue.js Developer,Mid-Level,"SQL, C++, Data Science, Python",Free,
634,Emma Martinez,Cybersecurity Analyst,Ethical Hacker,Senior,"JavaScript, React, Java",Free,
635,Michael Rodriguez,Data Scientist,AI Researcher,Mid-Level,"Machine Learning, SQL",Free,
636,Robert Williams,Cybersecurity Analyst,Ethical Hacker,Junior,"Data Science, Machine Learning, DevOps",Free,
637,David Davis,Frontend Developer,Vue.js Developer,Expert,"Data Science, C++",Free,
638,Alice Doe,Data Scientist,Data Analyst,Mid-Level,"SQL, JavaScript",Free,
639,Alice Davis,Cybersecurity Analyst,SOC Analyst,Expert,"Data Science, Machine Learning, Java",Free,
640,Emma Johnson,Backend Developer,Spring Boot Developer,Junior,"SQL, DevOps",Free,
641,Emily Davis,Backend Developer,Node.js Developer,Mid-Level,"Java, Cybersecurity, DevOps",Free,
642,Alice Garcia,DevOps Engineer,Site Reliability Engineer,Expert,"Cybersecurity, SQL, Python",Free,
643,Alice Smith,Data Scientist,Machine Learning Engineer,Expert,"DevOps, Java, React",Free,
644,Alice Doe,Software Engineer,Full Stack Developer,Mid-Level,"Data Science, Java, DevOps",Free,
645,Robert Brown,Data Scientist,Machine Learning Engineer,Expert,"Java, Python, DevOps, JavaScript",Free,
646,Emma Martinez,Backend Developer,Node.js Developer,Expert,"Machine Learning, Python, C++, Cybersecurity",Free,
647,Sophia Williams,Data Scientist,Machine Learning Engineer,Junior,"JavaScript, Python, React",Free,
648,Emily Williams,Data Scientist,Data Analyst,Senior,"Java, C++",Free,
649,Olivia Garcia,Data Scientist,Data Analyst,Junior,"Java, DevOps",Free,
650,Sophia Rodriguez,Backend Developer,Django Developer,Mid-Level,"C++, DevOps, Java",Free,
651,Alice Martinez,Cybersecurity Analyst,Security Engineer,Junior,"SQL, JavaScript, Data Science, React",Free,
652,Emily Davis,Cybersecurity Analyst,Security Engineer,Senior,"Java, DevOps",Free,
653,Michael Miller,Frontend Developer,Vue.js Developer,Senior,"React, Machine Learning",Free,
654,Emma Williams,Frontend Developer,UI/UX Developer,Junior,"JavaScript, Python, React, SQL",Free,
655,Sophia Brown,Frontend Developer,Vue.js Developer,Junior,"SQL, C++, JavaScript",Free,
656,James Miller,Software Engineer,Full Stack Developer,Senior,"Python, C++, React",Free,
657,Alice Williams,Cybersecurity Analyst,SOC Analyst,Junior,"Machine Learning, Python",Free,
658,Olivia Rodriguez,Software Engineer,Full Stack Developer,Junior,"SQL, Java",Free,
659,Robert Garcia,DevOps Engineer,Site Reliability Engineer,Expert,"Cybersecurity, Python, DevOps",Free,
660,Olivia Davis,DevOps Engineer,Cloud Engineer,Junior,"SQL, Machine Learning",Free,
661,John Martinez,Backend Developer,Node.js Developer,Expert,"Java, Machine Learning",Free,
662,Alice Brown,Software Engineer,Full Stack Developer,Expert,"C++, SQL, JavaScript",Free,
663,Alice Martinez,Cybersecurity Analyst,Ethical Hacker,Junior,"React, C++",Free,
664,David Doe,DevOps Engineer,CI/CD Specialist,Senior,"Cybersecurity, Java, JavaScript",Free,
665,David Smith,Software Engineer,Frontend Developer,Junior,"Java, SQL, DevOps, JavaScript",Free,
666,David Smith,Backend Developer,Spring Boot Developer,Junior,"JavaScript, SQL, Java, Machine Learning",Free,
667,Emma Smith,Data Scientist,AI Researcher,Junior,"Machine Learning, Data Science, Python",Free,
668,Alice Williams,Data Scientist,Data Analyst,Junior,"Machine Learning, Python, React, Data Science",Free,
669,John Brown,Cybersecurity Analyst,Ethical Hacker,Junior,"React, C++, SQL",Free,
670,Alice Garcia,Frontend Developer,UI/UX Developer,Expert,"Data Science, SQL, JavaScript, Java",Free,
671,James Brown,Frontend Developer,Vue.js Developer,Expert,"SQL, Machine Learning, Data Science, DevOps",Free,
672,Alice Rodriguez,DevOps Engineer,Cloud Engineer,Junior,"Machine Learning, React, Cybersecurity",Free,
673,Michael Davis,Data Scientist,Machine Learning Engineer,Senior,"Data Science, DevOps, C++",Free,
674,John Johnson,Backend Developer,Node.js Developer,Senior,"React, Data Science",Free,
675,Sophia Doe,Software Engineer,Full Stack Developer,Junior,"Java, JavaScript",Free,
676,Robert Martinez,Data Scientist,Machine Learning Engineer,Expert,"SQL, Java, Cybersecurity, Data Science",Free,
677,James Martinez,Cybersecurity Analyst,Security Engineer,Senior,"Data Science, DevOps",Free,
678,James Miller,Data Scientist,Machine Learning Engineer,Senior,"DevOps, React, Java, Data Science",Free,
679,James Smith,DevOps Engineer,CI/CD Specialist,Expert,"Cybersecurity, React, SQL, Machine Learning",Free,
680,Olivia Brown,Data Scientist,AI Researcher,Mid-Level,"C++, Data Science, Cybersecurity, JavaScript",Free,
681,Sophia Martinez,Frontend Developer,UI/UX Developer,Expert,"Cybersecurity, SQL",Free,
682,David Rodriguez,Backend Developer,Node.js Developer,Expert,"Java, Data Science, DevOps",Free,
683,Sophia Brown,DevOps Engineer,Cloud Engineer,Senior,"React, Machine Learning, Cybersecurity",Free,
684,Sophia Johnson,Data Scientist,Data Analyst,Mid-Level,"C++, React, Machine Learning",Free,
685,Robert Smith,Cybersecurity Analyst,SOC Analyst,Junior,"Java, Machine Learning, JavaScript",Free,
686,Robert Johnson,Cybersecurity Analyst,SOC Analyst,Mid-Level,"Data Science, Machine Learning, JavaScript",Free,
687,Michael Garcia,Backend Developer,Spring Boot Developer,Mid-Level,"Python, C++, JavaScript, Data Science",Free,
688,Emily Garcia,DevOps Engineer,Site Reliability Engineer,Junior,"React, Machine Learning",Free,
689,John Miller,Frontend Developer,UI/UX Developer,Mid-Level,"SQL, C++",Free,
690,David Doe,Frontend Developer,Vue.js Developer,Expert,"React, Python, Cybersecurity",Free,
691,Alice Rodriguez,Data Scientist,Machine Learning Engineer,Mid-Level,"Cybersecurity, Machine Learning",Free,
692,Emily Doe,Data Scientist,Machine Learning Engineer,Senior,"React, Data Science, DevOps, Cybersecurity",Free,
693,John Brown,Cybersecurity Analyst,Security Engineer,Mid-Level,"DevOps, SQL, Java, C++",Free,
694,Robert Johnson,Data Scientist,AI Researcher,Junior,"Data Science, Java, Cybersecurity",Free,
695,Alice Williams,Backend Developer,Node.js Developer,Expert,"SQL, DevOps",Free,
696,John Brown,Frontend Developer,UI/UX Developer,Senior,"DevOps, C++, Data Science",Free,
697,David Garcia,DevOps Engineer,Site Reliability Engineer,Senior,"Java, Python, C++",Free,
698,Emily Miller,Data Scientist,Data Analyst,Mid-Level,"Machine Learning, C++",Free,
699,Michael Williams,Backend Developer,Node.js Developer,Senior,"SQL, C++",Free,
700,David Davis,Data Scientist,AI Researcher,Junior,"Data Science, React, Python",Free,
701,Emma Rodriguez,DevOps Engineer,CI/CD Specialist,Mid-Level,"JavaScript, SQL, Cybersecurity",Free,
702,Robert Smith,Frontend Developer,React Developer,Senior,"Cybersecurity, JavaScript",Free,
703,Emma Johnson,Software Engineer,Frontend Developer,Expert,"SQL, JavaScript, DevOps",Free,
704,Robert Davis,DevOps Engineer,Cloud Engineer,Junior,"DevOps, Java, SQL, JavaScript",Free,
705,Alice Miller,Backend Developer,Django Developer,Expert,"DevOps, Python, React",Free,
706,James Davis,Frontend Developer,React Developer,Junior,"JavaScript, Machine Learning, C++",Free,
707,Robert Smith,Backend Developer,Spring Boot Developer,Senior,"JavaScript, SQL, React, Java",Free,
708,Olivia Rodriguez,Backend Developer,Django Developer,Mid-Level,"C++, SQL, DevOps",Free,
709,Emily Martinez,Frontend Developer,React Developer,Junior,"C++, JavaScript, Cybersecurity",Free,
710,Robert Brown,Data Scientist,Machine Learning Engineer,Junior,"Machine Learning, DevOps, React, C++",Free,
711,Olivia Rodriguez,Cybersecurity Analyst,Security Engineer,Expert,"SQL, JavaScript, Data Science, Python",Free,
712,Alice Garcia,Software Engineer,Backend Developer,Mid-Level,"Cybersecurity, C++",Free,
713,Robert Miller,Data Scientist,AI Researcher,Junior,"Cybersecurity, C++, Python, React",Free,
714,Emma Johnson,Data Scientist,AI Researcher,Senior,"JavaScript, DevOps, Data Science",Free,
715,Sophia Miller,Frontend Developer,Vue.js Developer,Junior,"React, Data Science, Cybersecurity",Free,
716,David Smith,DevOps Engineer,Site Reliability Engineer,Expert,"DevOps, JavaScript, SQL",Free,
717,Emily Johnson,Software Engineer,Full Stack Developer,Expert,"Machine Learning, JavaScript",Free,
718,Emma Davis,Cybersecurity Analyst,Ethical Hacker,Mid-Level,"DevOps, SQL, Python, Java",Free,
719,John Garcia,Data Scientist,Machine Learning Engineer,Expert,"Cybersecurity, Machine Learning, C++",Free,
720,Robert Rodriguez,DevOps Engineer,Cloud Engineer,Junior,"C++, SQL",Free,
721,Michael Williams,DevOps Engineer,CI/CD Specialist,Senior,"SQL, C++, DevOps, Data Science",Free,
722,Alice Rodriguez,Frontend Developer,React Developer,Mid-Level,"React, C++",Free,
723,Emma Garcia,Cybersecurity Analyst,Security Engineer,Junior,"Java, DevOps, SQL",Free,
724,John Johnson,DevOps Engineer,Cloud Engineer,Expert,"C++, Java, SQL",Free,
725,Alice Smith,Cybersecurity Analyst,Ethical Hacker,Junior,"SQL, Data Science",Free,
726,Sophia Smith,Frontend Developer,UI/UX Developer,Mid-Level,"React, Python, Cybersecurity, DevOps",Free,
727,Emma Miller,Cybersecurity Analyst,Security Engineer,Mid-Level,"Python, React",Free,
728,Sophia Williams,Cybersecurity Analyst,Security Engineer,Expert,"Machine Learning, SQL, Java, Cybersecurity",Free,
729,Michael Smith,DevOps Engineer,Cloud Engineer,Junior,"React, Data Science",Free,
730,David Davis,Cybersecurity Analyst,SOC Analyst,Expert,"C++, Python, SQL, JavaScript",Free,
731,John Brown,Cybersecurity Analyst,SOC Analyst,Expert,"Machine Learning, Java",Free,
732,Robert Smith,Data Scientist,Machine Learning Engineer,Expert,"Java, Python",Free,
733,James Rodriguez,DevOps Engineer,CI/CD Specialist,Senior,"Cybersecurity, DevOps",Free,
734,John Doe,Cybersecurity Analyst,Ethical Hacker,Senior,"Machine Learning, Data Science, DevOps, React",Free,
735,Emily Doe,Data Scientist,Machine Learning Engineer,Senior,"Cybersecurity, DevOps, C++",Free,
736,James Miller,Cybersecurity Analyst,Security Engineer,Expert,"Java, C++, Python",Free,
737,Robert Johnson,DevOps Engineer,Site Reliability Engineer,Expert,"JavaScript, React, Java, Cybersecurity",Free,
738,Alice Rodriguez,DevOps Engineer,CI/CD Specialist,Senior,"Cybersecurity, Machine Learning, JavaScript",Free,
739,Robert Johnson,DevOps Engineer,Site Reliability Engineer,Expert,"Data Science, Java, React, JavaScript",Free,
740,Robert Smith,Backend Developer,Node.js Developer,Expert,"React, Data Science",Free,
741,Emma Martinez,DevOps Engineer,Site Reliability Engineer,Mid-Level,"JavaScript, C++, React, Data Science",Free,
742,James Davis,Frontend Developer,UI/UX Developer,Junior,"Java, SQL",Free,
743,Robert Davis,Software Engineer,Full Stack Developer,Senior,"Cybersecurity, C++, Data Science, React",Free,
744,Emily Brown,DevOps Engineer,Site Reliability Engineer,Expert,"C++, Cybersecurity, Data Science",Free,
745,Alice Martinez,Backend Developer,Spring Boot Developer,Expert,"JavaScript, Machine Learning, Java, C++",Free,
746,James Davis,Data Scientist,Machine Learning Engineer,Mid-Level,"SQL, JavaScript",Free,
747,Alice Davis,Software Engineer,Backend Developer,Mid-Level,"DevOps, Java",Free,
748,Emily Smith,Software Engineer,Full Stack Developer,Mid-Level,"React, DevOps, SQL",Free,
749,Sophia Rodriguez,Cybersecurity Analyst,Ethical Hacker,Expert,"JavaScript, SQL, Data Science",Free,
750,David Brown,Software Engineer,Frontend Developer,Mid-Level,"Python, React, Cybersecurity",Free,
751,David Garcia,Software Engineer,Backend Developer,Expert,"Java, Data Science, DevOps, React",Free,
752,John Davis,Frontend Developer,Vue.js Developer,Junior,"React, Java",Free,
753,Sophia Miller,Backend Developer,Django Developer,Expert,"DevOps, Machine Learning",Free,
754,Sophia Rodriguez,Data Scientist,AI Researcher,Junior,"Data Science, DevOps, SQL",Free,
755,Sophia Doe,Software Engineer,Frontend Developer,Expert,"React, Python",Free,
756,Sophia Doe,Backend Developer,Spring Boot Developer,Junior,"React, Java, Machine Learning, DevOps",Free,
757,David Martinez,DevOps Engineer,Site Reliability Engineer,Junior,"DevOps, Python",Free,
758,Olivia Smith,DevOps Engineer,Cloud Engineer,Senior,"Java, JavaScript, Data Science",Free,
759,Olivia Davis,Data Scientist,AI Researcher,Expert,"DevOps, Python",Free,
760,James Miller,Data Scientist,Machine Learning Engineer,Mid-Level,"Data Science, SQL, DevOps, JavaScript",Free,
761,Emily Brown,Software Engineer,Full Stack Developer,Mid-Level,"SQL, Java",Free,
762,James Johnson,Software Engineer,Frontend Developer,Expert,"Data Science, C++, Machine Learning, React",Free,
763,James Martinez,DevOps Engineer,CI/CD Specialist,Mid-Level,"C++, SQL",Free,
764,Emily Johnson,DevOps Engineer,Site Reliability Engineer,Mid-Level,"Java, Python, SQL",Free,
765,Robert Smith,Cybersecurity Analyst,Security Engineer,Senior,"React, SQL",Free,
766,Michael Doe,Software Engineer,Backend Developer,Expert,"Data Science, SQL, Cybersecurity",Free,
767,Sophia Williams,Backend Developer,Node.js Developer,Expert,"JavaScript, Java",Free,
768,Michael Martinez,Cybersecurity Analyst,SOC Analyst,Senior,"SQL, Python, JavaScript",Free,
769,Sophia Miller,Frontend Developer,React Developer,Junior,"React, Java, DevOps, SQL",Free,
770,Robert Rodriguez,Data Scientist,Machine Learning Engineer,Junior,"React, SQL",Free,
771,Michael Miller,Frontend Developer,React Developer,Junior,"Python, React, C++",Free,
772,David Garcia,DevOps Engineer,Site Reliability Engineer,Expert,"Java, Machine Learning",Free,
773,James Johnson,Data Scientist,Data Analyst,Junior,"Cybersecurity, DevOps",Free,
774,Alice Martinez,DevOps Engineer,CI/CD Specialist,Mid-Level,"JavaScript, DevOps, Java",Free,
775,David Garcia,Software Engineer,Frontend Developer,Expert,"Python, SQL, Data Science",Free,
776,Michael Rodriguez,Backend Developer,Node.js Developer,Mid-Level,"C++, Data Science, Machine Learning, SQL",Free,
777,Michael Davis,Cybersecurity Analyst,Security Engineer,Mid-Level,"React, Cybersecurity",Free,
778,Olivia Garcia,Cybersecurity Analyst,Security Engineer,Junior,"JavaScript, Python, Cybersecurity, Machine Learning",Free,
779,Olivia Williams,Cybersecurity Analyst,SOC Analyst,Senior,"Cybersecurity, JavaScript, SQL, Python",Free,
780,Emma Martinez,Frontend Developer,UI/UX Developer,Expert,"DevOps, C++",Free,
781,Michael Miller,Software Engineer,Full Stack Developer,Mid-Level,"Machine Learning, Python",Free,
782,Emma Martinez,Data Scientist,Machine Learning Engineer,Senior,"Data Science, SQL, DevOps, Python",Free,
783,Emily Rodriguez,Cybersecurity Analyst,Ethical Hacker,Mid-Level,"Python, Java, Machine Learning",Free,
784,Sophia Davis,DevOps Engineer,CI/CD Specialist,Senior,"JavaScript, React, C++, Data Science",Free,
785,Emma Rodriguez,Cybersecurity Analyst,Ethical Hacker,Mid-Level,"Java, Machine Learning, SQL, Data Science",Free,
786,John Doe,DevOps Engineer,Site Reliability Engineer,Junior,"DevOps, React, Machine Learning, SQL",Free,
787,David Martinez,DevOps Engineer,Site Reliability Engineer,Senior,"Java, JavaScript, C++, Data Science",Free,
788,David Johnson,Cybersecurity Analyst,SOC Analyst,Mid-Level,"React, C++, Python, Data Science",Free,
789,Alice Brown,Software Engineer,Full Stack Developer,Senior,"Java, C++, DevOps",Free,
790,John Martinez,Backend Developer,Django Developer,Expert,"Machine Learning, SQL, DevOps, JavaScript",Free,
791,Sophia Miller,Frontend Developer,React Developer,Expert,"SQL, DevOps",Free,
792,John Garcia,Data Scientist,Data Analyst,Expert,"DevOps, Python, React, Java",Free,
793,James Williams,Backend Developer,Spring Boot Developer,Junior,"Python, JavaScript, Machine Learning, C++",Free,
794,David Johnson,Data Scientist,Machine Learning Engineer,Junior,"SQL, Cybersecurity",Free,
795,Michael Rodriguez,Software Engineer,Backend Developer,Junior,"React, SQL, Machine Learning",Free,
796,Michael Doe,Data Scientist,Machine Learning Engineer,Mid-Level,"Java, Data Science, JavaScript",Free,
797,James Smith,Data Scientist,Data Analyst,Senior,"C++, Data Science",Free,
798,James Miller,Frontend Developer,Vue.js Developer,Expert,"React, Machine Learning, C++, Python",Free,
799,Emma Smith,Frontend Developer,React Developer,Junior,"Java, C++, Data Science",Free,
800,Sophia Garcia,Data Scientist,Machine Learning Engineer,Mid-Level,"Cybersecurity, DevOps",Free,
801,Michael Smith,Cybersecurity Analyst,SOC Analyst,Senior,"Machine Learning, C++, Cybersecurity",Free,
802,Michael Johnson,Software Engineer,Backend Developer,Junior,"SQL, Cybersecurity, DevOps, Java",Free,
803,Emma Martinez,DevOps Engineer,CI/CD Specialist,Expert,"JavaScript, DevOps",Free,
804,James Johnson,Cybersecurity Analyst,Ethical Hacker,Junior,"SQL, React, DevOps",Free,
805,Emily Miller,Data Scientist,AI Researcher,Expert,"Machine Learning, SQL, Data Science, DevOps",Free,
806,Emma Johnson,DevOps Engineer,Site Reliability Engineer,Mid-Level,"Data Science, DevOps, Machine Learning",Free,
807,Olivia Garcia,Cybersecurity Analyst,Ethical Hacker,Junior,"Cybersecurity, Python, DevOps, JavaScript",Free,
808,Sophia Davis,Cybersecurity Analyst,Security Engineer,Junior,"Data Science, JavaScript",Free,
809,James Rodriguez,Backend Developer,Spring Boot Developer,Mid-Level,"DevOps, Python",Free,
810,James Johnson,DevOps Engineer,CI/CD Specialist,Junior,"React, Cybersecurity",Free,
811,Alice Davis,Software Engineer,Frontend Developer,Junior,"SQL, Python",Free,
812,James Garcia,Frontend Developer,UI/UX Developer,Senior,"Cybersecurity, Python, Java",Free,
813,Emma Miller,Cybersecurity Analyst,Ethical Hacker,Expert,"React, DevOps",Free,
814,Emily Garcia,Software Engineer,Full Stack Developer,Senior,"C++, Java, Machine Learning",Free,
815,Robert Martinez,Backend Developer,Node.js Developer,Senior,"Cybersecurity, React, Java",Free,
816,Alice Doe,DevOps Engineer,Site Reliability Engineer,Mid-Level,"Python, JavaScript, Machine Learning, DevOps",Free,
817,James Miller,Backend Developer,Node.js Developer,Mid-Level,"Machine Learning, Java, Data Science",Free,
818,Alice Johnson,Data Scientist,AI Researcher,Junior,"Python, Data Science, Machine Learning",Free,
819,Alice Rodriguez,Software Engineer,Frontend Developer,Senior,"React, Cybersecurity, DevOps, Python",Free,
820,Emma Garcia,Software Engineer,Frontend Developer,Junior,"Java, Cybersecurity",Free,
821,James Martinez,Data Scientist,AI Researcher,Senior,"Java, DevOps, Python, C++",Free,
822,Michael Miller,Data Scientist,Machine Learning Engineer,Expert,"JavaScript, DevOps, C++, Java",Free,
823,John Brown,Cybersecurity Analyst,Security Engineer,Mid-Level,"React, JavaScript, Cybersecurity, Python",Free,
824,Robert Brown,DevOps Engineer,Site Reliability Engineer,Junior,"DevOps, Java",Free,
825,Sophia Davis,Data Scientist,Machine Learning Engineer,Expert,"Python, SQL",Free,
826,John Martinez,Software Engineer,Frontend Developer,Junior,"Data Science, SQL",Free,
827,Emily Davis,DevOps Engineer,Site Reliability Engineer,Senior,"C++, SQL",Free,
828,Alice Williams,DevOps Engineer,CI/CD Specialist,Mid-Level,"Machine Learning, Java",Free,
829,Emily Davis,Frontend Developer,UI/UX Developer,Expert,"Machine Learning, DevOps, Python",Free,
830,Sophia Miller,DevOps Engineer,CI/CD Specialist,Senior,"Cybersecurity, Data Science, DevOps, SQL",Free,
831,James Garcia,Data Scientist,Data Analyst,Mid-Level,"DevOps, C++, Python",Free,
832,John Williams,DevOps Engineer,CI/CD Specialist,Expert,"React, JavaScript, Cybersecurity, SQL",Free,
833,Olivia Williams,Backend Developer,Spring Boot Developer,Mid-Level,"Data Science, Machine Learning, JavaScript",Free,
834,Michael Williams,Software Engineer,Backend Developer,Senior,"Cybersecurity, SQL, DevOps, Machine Learning",Free,
835,John Johnson,DevOps Engineer,Site Reliability Engineer,Junior,"DevOps, React",Free,
836,Emma Smith,Data Scientist,Machine Learning Engineer,Junior,"React, Machine Learning, SQL",Free,
837,Emily Smith,Frontend Developer,Vue.js Developer,Junior,"Data Science, SQL, Java, Cybersecurity",Free,
838,Michael Martinez,DevOps Engineer,CI/CD Specialist,Junior,"Cybersecurity, React, DevOps, Machine Learning",Free,
839,Sophia Brown,Cybersecurity Analyst,SOC Analyst,Junior,"Python, React, C++",Free,
840,Olivia Williams,Frontend Developer,UI/UX Developer,Mid-Level,"Java, Machine Learning, React, Cybersecurity",Free,
841,Sophia Williams,Frontend Developer,UI/UX Developer,Senior,"DevOps, Machine Learning",Free,
842,Olivia Williams,Software Engineer,Frontend Developer,Senior,"Python, Java, Cybersecurity",Free,
843,Robert Johnson,DevOps Engineer,Site Reliability Engineer,Expert,"Machine Learning, React, Java, Python",Free,
844,David Rodriguez,DevOps Engineer,Cloud Engineer,Junior,"Python, C++, SQL, DevOps",Free,
845,John Williams,Data Scientist,Machine Learning Engineer,Expert,"Java, SQL",Free,
846,James Johnson,Data Scientist,Data Analyst,Mid-Level,"Cybersecurity, React, Python, Machine Learning",Free,
847,David Williams,Frontend Developer,Vue.js Developer,Junior,"DevOps, C++",Free,
848,Michael Doe,Backend Developer,Django Developer,Senior,"Cybersecurity, Data Science, React",Free,
849,David Davis,DevOps Engineer,Cloud Engineer,Senior,"SQL, Java, React",Free,
850,Robert Doe,DevOps Engineer,Site Reliability Engineer,Expert,"Data Science, Java, Python, DevOps",Free,
851,James Garcia,Data Scientist,Data Analyst,Expert,"JavaScript, C++, SQL",Free,
852,James Williams,Frontend Developer,Vue.js Developer,Expert,"React, Java",Free,
853,Michael Johnson,Cybersecurity Analyst,Security Engineer,Senior,"JavaScript, SQL, C++, DevOps",Free,
854,Emily Miller,Software Engineer,Full Stack Developer,Expert,"Java, JavaScript, Cybersecurity, Python",Free,
855,Alice Smith,DevOps Engineer,Cloud Engineer,Mid-Level,"Java, JavaScript, SQL",Free,
856,Alice Smith,DevOps Engineer,Site Reliability Engineer,Senior,"React, Java",Free,
857,Robert Doe,DevOps Engineer,Cloud Engineer,Junior,"JavaScript, Cybersecurity, C++, Java",Free,
858,Michael Doe,Software Engineer,Full Stack Developer,Senior,"Machine Learning, DevOps, C++",Free,
859,Michael Johnson,Software Engineer,Frontend Developer,Mid-Level,"Cybersecurity, Machine Learning, C++, Data Science",Free,
860,Sophia Miller,Frontend Developer,React Developer,Junior,"JavaScript, DevOps",Free,
861,John Martinez,Backend Developer,Node.js Developer,Expert,"Data Science, C++, JavaScript",Free,
862,Emily Davis,DevOps Engineer,CI/CD Specialist,Senior,"Python, Java, Machine Learning, Cybersecurity",Free,
863,Alice Brown,DevOps Engineer,CI/CD Specialist,Junior,"JavaScript, React, Cybersecurity",Free,
864,David Davis,Cybersecurity Analyst,Ethical Hacker,Junior,"Data Science, DevOps, JavaScript",Free,
865,Robert Johnson,Cybersecurity Analyst,Ethical Hacker,Senior,"React, JavaScript, C++",Free,
866,Sophia Rodriguez,Cybersecurity Analyst,Ethical Hacker,Junior,"Java, Cybersecurity",Free,
867,Emma Johnson,Data Scientist,AI Researcher,Junior,"Java, Python, SQL, DevOps",Free,
868,Sophia Davis,Data Scientist,AI Researcher,Expert,"C++, DevOps, Data Science",Free,
869,David Brown,Data Scientist,Data Analyst,Junior,"SQL, Java",Free,
870,David Rodriguez,Backend Developer,Node.js Developer,Senior,"Data Science, React",Free,
871,Alice Rodriguez,Software Engineer,Full Stack Developer,Senior,"Cybersecurity, Machine Learning, SQL",Free,
872,Olivia Rodriguez,DevOps Engineer,CI/CD Specialist,Expert,"Machine Learning, C++, Python, Data Science",Free,
873,David Martinez,Software Engineer,Backend Developer,Expert,"JavaScript, DevOps",Free,
874,James Miller,Backend Developer,Django Developer,Mid-Level,"Cybersecurity, Java, React, Data Science",Free,
875,Sophia Johnson,Data Scientist,AI Researcher,Mid-Level,"C++, Java, JavaScript, SQL",Free,
876,Emily Rodriguez,Cybersecurity Analyst,Ethical Hacker,Senior,"Cybersecurity, Data Science",Free,
877,Emily Brown,Software Engineer,Full Stack Developer,Senior,"Python, Machine Learning",Free,
878,Alice Smith,Data Scientist,AI Researcher,Expert,"SQL, Python, C++",Free,
879,James Johnson,Data Scientist,Data Analyst,Senior,"JavaScript, DevOps",Free,
880,James Brown,Backend Developer,Django Developer,Senior,"Cybersecurity, Machine Learning, DevOps",Free,
881,John Brown,Data Scientist,AI Researcher,Expert,"C++, Machine Learning, Java, JavaScript",Free,
882,Michael Williams,Backend Developer,Spring Boot Developer,Junior,"Python, React",Free,
883,Emily Smith,Cybersecurity Analyst,SOC Analyst,Expert,"Java, SQL, React, Python",Free,
884,James Garcia,Cybersecurity Analyst,SOC Analyst,Junior,"SQL, Python",Free,
885,Alice Williams,Backend Developer,Spring Boot Developer,Junior,"Python, DevOps, React, SQL",Free,
886,Olivia Martinez,Data Scientist,AI Researcher,Expert,"Data Science, SQL, JavaScript, React",Free,
887,David Martinez,Frontend Developer,React Developer,Mid-Level,"Python, C++",Free,
888,David Brown,DevOps Engineer,Site Reliability Engineer,Senior,"DevOps, Python, SQL, Machine Learning",Free,
889,Michael Martinez,Backend Developer,Django Developer,Expert,"Machine Learning, SQL, Java, DevOps",Free,
890,Sophia Martinez,Frontend Developer,UI/UX Developer,Mid-Level,"Machine Learning, DevOps, React",Free,
891,James Johnson,DevOps Engineer,Site Reliability Engineer,Junior,"Java, Machine Learning, Python, JavaScript",Free,
892,David Smith,Data Scientist,Data Analyst,Junior,"Java, Machine Learning",Free,
893,Alice Johnson,Data Scientist,Data Analyst,Expert,"Data Science, Cybersecurity, DevOps, Java",Free,
894,Olivia Smith,Frontend Developer,Vue.js Developer,Expert,"DevOps, React",Free,
895,Emma Brown,Software Engineer,Backend Developer,Expert,"JavaScript, Python, Machine Learning",Free,
896,Emma Smith,Backend Developer,Node.js Developer,Mid-Level,"SQL, Machine Learning",Free,
897,Michael Smith,Cybersecurity Analyst,Ethical Hacker,Mid-Level,"Data Science, Python, C++",Free,
898,John Williams,Backend Developer,Node.js Developer,Senior,"JavaScript, SQL, Java, Python",Free,
899,Emma Miller,Software Engineer,Backend Developer,Senior,"React, Machine Learning",Free,
900,Emily Smith,Backend Developer,Spring Boot Developer,Expert,"DevOps, Machine Learning, React, SQL",Free,
901,Alice Garcia,Frontend Developer,Vue.js Developer,Senior,"Java, Machine Learning",Free,
902,John Davis,Data Scientist,Data Analyst,Mid-Level,"Java, C++",Free,
903,Sophia Williams,Backend Developer,Django Developer,Expert,"JavaScript, C++, Data Science",Free,
904,David Rodriguez,Frontend Developer,UI/UX Developer,Mid-Level,"Python, Cybersecurity, C++",Free,
905,James Johnson,Data Scientist,Machine Learning Engineer,Mid-Level,"SQL, C++",Free,
906,David Williams,Software Engineer,Full Stack Developer,Senior,"Java, SQL",Free,
907,Robert Williams,Frontend Developer,UI/UX Developer,Expert,"SQL, Machine Learning, JavaScript",Free,
908,David Garcia,Data Scientist,AI Researcher,Junior,"Java, Data Science, JavaScript",Free,
909,John Williams,Data Scientist,Data Analyst,Mid-Level,"JavaScript, Machine Learning, Data Science, Cybersecurity",Free,
910,Sophia Doe,Data Scientist,AI Researcher,Mid-Level,"Machine Learning, DevOps, React",Free,
911,John Williams,Data Scientist,Machine Learning Engineer,Junior,"Data Science, DevOps, Machine Learning",Free,
912,John Johnson,Cybersecurity Analyst,SOC Analyst,Mid-Level,"SQL, Machine Learning, Java",Free,
913,David Smith,Backend Developer,Django Developer,Mid-Level,"Machine Learning, Cybersecurity",Free,
914,Sophia Brown,Cybersecurity Analyst,SOC Analyst,Senior,"DevOps, React, Java",Free,
915,John Miller,Software Engineer,Full Stack Developer,Junior,"JavaScript, Machine Learning",Free,
916,Michael Rodriguez,Frontend Developer,Vue.js Developer,Expert,"JavaScript, React, Machine Learning",Free,
917,Emily Doe,DevOps Engineer,Cloud Engineer,Expert,"C++, Cybersecurity, Java",Free,
918,Sophia Miller,DevOps Engineer,Site Reliability Engineer,Junior,"SQL, C++, Data Science, JavaScript",Free,
919,Sophia Martinez,Data Scientist,AI Researcher,Junior,"Machine Learning, Data Science, SQL",Free,
920,Robert Williams,Frontend Developer,React Developer,Mid-Level,"Data Science, Python",Free,
921,John Williams,Cybersecurity Analyst,SOC Analyst,Senior,"Machine Learning, React",Free,
922,Olivia Smith,Cybersecurity Analyst,SOC Analyst,Mid-Level,"Data Science, Python, DevOps, Cybersecurity",Free,
923,Olivia Brown,Backend Developer,Node.js Developer,Mid-Level,"Python, SQL, DevOps, Cybersecurity",Free,
924,Emily Johnson,DevOps Engineer,CI/CD Specialist,Expert,"Cybersecurity, SQL, Java, DevOps",Free,
925,Michael Martinez,DevOps Engineer,Cloud Engineer,Senior,"Machine Learning, DevOps, React, SQL",Free,
926,John Garcia,Data Scientist,Data Analyst,Senior,"Machine Learning, JavaScript, React, DevOps",Free,
927,Michael Johnson,Backend Developer,Django Developer,Expert,"React, DevOps",Free,
928,Olivia Smith,DevOps Engineer,Cloud Engineer,Senior,"Machine Learning, Java, DevOps",Free,
929,David Davis,Software Engineer,Full Stack Developer,Senior,"Data Science, JavaScript, React, DevOps",Free,
930,Michael Smith,DevOps Engineer,Site Reliability Engineer,Expert,"Python, Data Science, React",Free,
931,Olivia Rodriguez,Software Engineer,Frontend Developer,Expert,"Cybersecurity, SQL, JavaScript",Free,
932,Alice Garcia,Data Scientist,Machine Learning Engineer,Expert,"Cybersecurity, Data Science, React, JavaScript",Free,
933,Alice Davis,Software Engineer,Full Stack Developer,Senior,"C++, Cybersecurity, Python, Data Science",Free,
934,Robert Johnson,Software Engineer,Frontend Developer,Expert,"React, SQL, Cybersecurity, C++",Free,
935,Robert Williams,Cybersecurity Analyst,SOC Analyst,Mid-Level,"Data Science, DevOps, Machine Learning, Java",Free,
936,James Doe,Frontend Developer,UI/UX Developer,Senior,"Machine Learning, DevOps, React, JavaScript",Free,
937,Robert Doe,Software Engineer,Backend Developer,Mid-Level,"Python, DevOps, Cybersecurity",Free,
938,Emily Williams,Software Engineer,Full Stack Developer,Junior,"JavaScript, DevOps, React, Java",Free,
939,Sophia Martinez,Backend Developer,Django Developer,Mid-Level,"Machine Learning, DevOps",Free,
940,Emily Brown,Frontend Developer,Vue.js Developer,Mid-Level,"JavaScript, Cybersecurity, Java",Free,
941,John Brown,Data Scientist,Data Analyst,Expert,"React, Cybersecurity, Machine Learning",Free,
942,Robert Martinez,Cybersecurity Analyst,Security Engineer,Junior,"DevOps, C++, SQL",Free,
943,Emily Davis,Cybersecurity Analyst,SOC Analyst,Mid-Level,"React, Cybersecurity",Free,
944,James Smith,Cybersecurity Analyst,SOC Analyst,Junior,"Machine Learning, SQL, C++, Python",Free,
945,John Garcia,Frontend Developer,React Developer,Senior,"Machine Learning, Data Science, React",Free,
946,Olivia Brown,Software Engineer,Full Stack Developer,Mid-Level,"Data Science, JavaScript",Free,
947,Robert Johnson,DevOps Engineer,Cloud Engineer,Expert,"Cybersecurity, React",Free,
948,David Williams,Data Scientist,Machine Learning Engineer,Senior,"C++, Machine Learning, Data Science, Java",Free,
949,Olivia Davis,Data Scientist,Data Analyst,Mid-Level,"Java, DevOps",Free,
950,Sophia Brown,Backend Developer,Node.js Developer,Senior,"C++, JavaScript, React",Free,
951,Robert Smith,Backend Developer,Spring Boot Developer,Expert,"C++, Data Science, JavaScript",Free,
952,Emma Martinez,DevOps Engineer,Site Reliability Engineer,Junior,"C++, React, Machine Learning, DevOps",Free,
953,Emily Brown,Data Scientist,Data Analyst,Expert,"Python, Data Science, Machine Learning",Free,
954,Michael Williams,DevOps Engineer,Site Reliability Engineer,Senior,"Java, Data Science, Cybersecurity, React",Free,
955,James Brown,DevOps Engineer,Cloud Engineer,Expert,"C++, Cybersecurity",Free,
956,Emma Garcia,Backend Developer,Spring Boot Developer,Expert,"Cybersecurity, Data Science, Machine Learning",Free,
957,Sophia Rodriguez,Data Scientist,AI Researcher,Junior,"SQL, JavaScript",Free,
958,Emily Davis,Backend Developer,Spring Boot Developer,Mid-Level,"SQL, DevOps, Java",Free,
959,Sophia Brown,Cybersecurity Analyst,Ethical Hacker,Mid-Level,"React, DevOps",Free,
960,John Williams,DevOps Engineer,CI/CD Specialist,Senior,"JavaScript, Data Science",Free,
961,Alice Martinez,Data Scientist,AI Researcher,Senior,"Java, SQL",Free,
962,David Davis,Cybersecurity Analyst,Ethical Hacker,Mid-Level,"React, Java",Free,
963,Alice Williams,Cybersecurity Analyst,SOC Analyst,Mid-Level,"JavaScript, Cybersecurity, C++",Free,
964,Olivia Davis,Software Engineer,Frontend Developer,Expert,"Cybersecurity, Machine Learning",Free,
965,Robert Rodriguez,Data Scientist,Data Analyst,Senior,"JavaScript, Machine Learning, Java, Data Science",Free,
966,Emma Smith,Data Scientist,AI Researcher,Senior,"Machine Learning, C++, Cybersecurity, Java",Free,
967,Michael Davis,Frontend Developer,UI/UX Developer,Senior,"Data Science, SQL, Python",Free,
968,Sophia Martinez,DevOps Engineer,Site Reliability Engineer,Junior,"Data Science, Machine Learning, Python",Free,
969,Robert Brown,Cybersecurity Analyst,SOC Analyst,Senior,"DevOps, React, Python",Free,
970,Sophia Doe,DevOps Engineer,CI/CD Specialist,Junior,"JavaScript, C++, Machine Learning, SQL",Free,
971,Alice Johnson,Data Scientist,Data Analyst,Senior,"DevOps, JavaScript, Java, C++",Free,
972,Emma Smith,Software Engineer,Frontend Developer,Expert,"Cybersecurity, Machine Learning, DevOps, Python",Free,
973,John Williams,DevOps Engineer,Cloud Engineer,Senior,"Cybersecurity, SQL, Data Science",Free,
974,Michael Brown,Backend Developer,Django Developer,Senior,"React, Machine Learning, Cybersecurity",Free,
975,Emma Martinez,DevOps Engineer,CI/CD Specialist,Expert,"React, Java, Python, Data Science",Free,
976,Olivia Garcia,DevOps Engineer,Site Reliability Engineer,Senior,"React, Data Science, DevOps, Java",Free,
977,Sophia Williams,DevOps Engineer,Site Reliability Engineer,Senior,"Python, Java",Free,
978,Emma Brown,Software Engineer,Backend Developer,Expert,"Data Science, Java",Free,
979,Olivia Davis,Software Engineer,Full Stack Developer,Mid-Level,"JavaScript, Data Science, Machine Learning",Free,
980,Emma Johnson,DevOps Engineer,CI/CD Specialist,Senior,"Machine Learning, Cybersecurity",Free,
981,Robert Smith,DevOps Engineer,Site Reliability Engineer,Junior,"Cybersecurity, React, Python, Data Science",Free,
982,Emma Johnson,Cybersecurity Analyst,SOC Analyst,Expert,"DevOps, Java, SQL, Data Science",Free,
983,John Davis,Data Scientist,AI Researcher,Junior,"React, Data Science, Cybersecurity, SQL",Free,
984,John Brown,Cybersecurity Analyst,SOC Analyst,Expert,"Java, Python",Free,
985,David Rodriguez,Data Scientist,Machine Learning Engineer,Mid-Level,"Java, Data Science",Free,
986,David Johnson,Frontend Developer,UI/UX Developer,Mid-Level,"SQL, Java, Data Science, Cybersecurity",Free,
987,James Martinez,Cybersecurity Analyst,Ethical Hacker,Expert,"Machine Learning, Java, JavaScript, DevOps",Free,
988,Emma Williams,Cybersecurity Analyst,SOC Analyst,Senior,"Java, Python",Free,
989,Michael Miller,Frontend Developer,Vue.js Developer,Expert,"C++, SQL, Cybersecurity, DevOps",Free,
990,David Doe,Data Scientist,Data Analyst,Mid-Level,"DevOps, Data Science, Cybersecurity, React",Free,
991,Emily Smith,Cybersecurity Analyst,Ethical Hacker,Senior,"Machine Learning, Python, C++",Free,
992,Michael Brown,DevOps Engineer,Cloud Engineer,Mid-Level,"SQL, React, JavaScript, Java",Free,
993,John Miller,Cybersecurity Analyst,Security Engineer,Junior,"Data Science, SQL",Free,
994,Michael Martinez,DevOps Engineer,CI/CD Specialist,Mid-Level,"JavaScript, React, Cybersecurity, Data Science",Free,
995,Emily Williams,Backend Developer,Spring Boot Developer,Mid-Level,"Python, Java, C++",Free,
996,Olivia Doe,Data Scientist,AI Researcher,Mid-Level,"DevOps, C++",Free,
997,Alice Davis,DevOps Engineer,Site Reliability Engineer,Junior,"Machine Learning, Java, Python",Free,
998,Emma Martinez,Backend Developer,Node.js Developer,Senior,"Data Science, Cybersecurity, SQL, JavaScript",Free,
999,Emma Johnson,Cybersecurity Analyst,Security Engineer,Senior,"Data Science, Cybersecurity, Machine Learning",Free,
1000,Robert Doe,Software Engineer,Frontend Developer,Mid-Level,"JavaScript, DevOps",Free,
